"ASV","Kingdom","Phylum","Class","Order","Family","Genus"
"ASV1","Bacteria","Firmicutes","Bacilli","Lactobacillales","Lactobacillaceae","Lactobacillus"
"ASV2","Bacteria","Firmicutes","Bacilli","Lactobacillales","Lactobacillaceae","Lactobacillus"
"ASV3","Bacteria","Firmicutes","Bacilli","Lactobacillales","Lactobacillaceae","Lactobacillus"
"ASV4","Bacteria","Actinobacteriota","Actinobacteria","Bifidobacteriales","Bifidobacteriaceae","Bifidobacterium"
"ASV5","Bacteria","Firmicutes","Bacilli","Lactobacillales","Streptococcaceae","Streptococcus"
"ASV6","Bacteria","Actinobacteriota","Actinobacteria","Bifidobacteriales","Bifidobacteriaceae","Gardnerella"
"ASV7","Bacteria","Actinobacteriota","Actinobacteria","Bifidobacteriales","Bifidobacteriaceae","Bifidobacterium"
"ASV8","Bacteria","Firmicutes","Bacilli","Lactobacillales","Lactobacillaceae","Lactobacillus"
"ASV9","Bacteria","Firmicutes","Bacilli","Staphylococcales","Staphylococcaceae","Staphylococcus"
"ASV10","Bacteria","Firmicutes","Bacilli","Lactobacillales","Streptococcaceae","Streptococcus"
"ASV11","Bacteria","Proteobacteria","Gammaproteobacteria","Pseudomonadales","Moraxellaceae","Enhydrobacter"
"ASV12","Bacteria","Proteobacteria","Gammaproteobacteria","Burkholderiales","Comamonadaceae","Tepidimonas"
"ASV13","Bacteria","Firmicutes","Bacilli","Lactobacillales","Streptococcaceae","Streptococcus"
"ASV14","Bacteria","Firmicutes","Bacilli","Lactobacillales","Carnobacteriaceae","Atopostipes"
"ASV15","Bacteria","Proteobacteria","Gammaproteobacteria","Enterobacterales","Enterobacteriaceae","Escherichia-Shigella"
"ASV16","Bacteria","Proteobacteria","Gammaproteobacteria","Pseudomonadales","Pseudomonadaceae","Pseudomonas"
"ASV17","Bacteria","Actinobacteriota","Actinobacteria","Bifidobacteriales","Bifidobacteriaceae","Gardnerella"
"ASV18","Bacteria","Actinobacteriota","Actinobacteria","Bifidobacteriales","Bifidobacteriaceae","Gardnerella"
"ASV19","Bacteria","Firmicutes","Bacilli","Lactobacillales","Lactobacillaceae","Lactobacillus"
"ASV20","Bacteria","Actinobacteriota","Actinobacteria","Micrococcales","Micrococcaceae","Kocuria"
"ASV21","Bacteria","Firmicutes","Bacilli","Staphylococcales","Staphylococcaceae","Staphylococcus"
"ASV22","Bacteria","Fusobacteriota","Fusobacteriia","Fusobacteriales","Leptotrichiaceae","Oceanivirga"
"ASV23","Bacteria","Firmicutes","Bacilli","Mycoplasmatales","Mycoplasmataceae","Ureaplasma"
"ASV24","Bacteria","Firmicutes","Negativicutes","Veillonellales-Selenomonadales","Veillonellaceae","Megasphaera"
"ASV25","Bacteria","Proteobacteria","Gammaproteobacteria","Pseudomonadales","Pseudomonadaceae","Pseudomonas"
"ASV26","Bacteria","Proteobacteria","Alphaproteobacteria","Rhodobacterales","Rhodobacteraceae","Paracoccus"
"ASV27","Bacteria","Deinococcota","Deinococci","Thermales","Thermaceae","Thermus"
"ASV28","Bacteria","Bacteroidota","Bacteroidia","Bacteroidales","Prevotellaceae","Prevotella"
"ASV29","Bacteria","Actinobacteriota","Actinobacteria","Micrococcales","Micrococcaceae","Micrococcus"
"ASV30","Bacteria","Bacteroidota","Bacteroidia","Bacteroidales","Prevotellaceae","Prevotella"
"ASV31","Bacteria","Proteobacteria","Gammaproteobacteria","Enterobacterales","Pasteurellaceae","Haemophilus"
"ASV32","Bacteria","Firmicutes","Bacilli","Lactobacillales","Carnobacteriaceae","Atopostipes"
"ASV33","Bacteria","Firmicutes","Bacilli","Lactobacillales","Streptococcaceae","Streptococcus"
"ASV34","Bacteria","Actinobacteriota","Actinobacteria","Corynebacteriales","Corynebacteriaceae","Lawsonella"
"ASV35","Bacteria","Firmicutes","Bacilli","Lactobacillales","Carnobacteriaceae","Atopostipes"
"ASV36","Bacteria","Firmicutes","Clostridia","Clostridiales","Clostridiaceae","Clostridium sensu stricto 1"
"ASV37","Bacteria","Actinobacteriota","Coriobacteriia","Coriobacteriales","Atopobiaceae","Atopobium"
"ASV38","Bacteria","Firmicutes","Clostridia","Peptostreptococcales-Tissierellales","Family XI","Fenollaria"
"ASV39","Bacteria","Actinobacteriota","Actinobacteria","Corynebacteriales","Corynebacteriaceae","Corynebacterium"
"ASV40","Bacteria","Proteobacteria","Gammaproteobacteria","Pseudomonadales","Moraxellaceae","Acinetobacter"
"ASV41","Bacteria","Bacteroidota","Bacteroidia","Bacteroidales","Prevotellaceae","Prevotella_7"
"ASV42","Bacteria","Bacteroidota","Bacteroidia","Bacteroidales","Prevotellaceae","Prevotella_7"
"ASV43","Bacteria","Firmicutes","Bacilli","Lactobacillales","Lactobacillaceae","Lactobacillus"
"ASV44","Bacteria","Firmicutes","Bacilli","Staphylococcales","Gemellaceae","Gemella"
"ASV45","Bacteria","Actinobacteriota","Actinobacteria","Bifidobacteriales","Bifidobacteriaceae","Gardnerella"
"ASV46","Bacteria","Bacteroidota","Bacteroidia","Bacteroidales","Porphyromonadaceae","Porphyromonas"
"ASV47","Bacteria","Proteobacteria","Gammaproteobacteria","Burkholderiales","Burkholderiaceae","Burkholderia-Caballeronia-Paraburkholderia"
"ASV48","Bacteria","Firmicutes","Bacilli","Mycoplasmatales","Mycoplasmataceae","Mycoplasma"
"ASV49","Bacteria","Proteobacteria","Gammaproteobacteria","Enterobacterales","Enterobacteriaceae",NA
"ASV50","Bacteria","Proteobacteria","Gammaproteobacteria","Enterobacterales","Erwiniaceae","Pantoea"
"ASV51","Bacteria","Proteobacteria","Alphaproteobacteria","Rickettsiales","Mitochondria",NA
"ASV52","Bacteria","Bacteroidota","Bacteroidia","Bacteroidales","Prevotellaceae","Prevotella"
"ASV53","Bacteria","Proteobacteria","Gammaproteobacteria","Burkholderiales","Comamonadaceae",NA
"ASV54","Bacteria","Actinobacteriota","Actinobacteria","Corynebacteriales","Corynebacteriaceae","Corynebacterium"
"ASV55","Bacteria","Firmicutes","Bacilli","Lactobacillales","Streptococcaceae","Streptococcus"
"ASV56","Bacteria","Actinobacteriota","Actinobacteria","Bifidobacteriales","Bifidobacteriaceae","Alloscardovia"
"ASV57","Bacteria","Actinobacteriota","Actinobacteria","Corynebacteriales","Corynebacteriaceae","Corynebacterium"
"ASV58","Bacteria","Proteobacteria","Gammaproteobacteria","Pseudomonadales","Pseudomonadaceae","Pseudomonas"
"ASV59","Bacteria","Proteobacteria","Gammaproteobacteria","Pseudomonadales","Pseudomonadaceae","Pseudomonas"
"ASV60","Bacteria","Proteobacteria","Alphaproteobacteria","Rickettsiales","Mitochondria",NA
"ASV61","Bacteria","Proteobacteria","Alphaproteobacteria","Rickettsiales","Mitochondria",NA
"ASV62","Bacteria","Firmicutes","Negativicutes","Veillonellales-Selenomonadales","Veillonellaceae",NA
"ASV63","Bacteria","Proteobacteria","Gammaproteobacteria","Pseudomonadales","Moraxellaceae","Acinetobacter"
"ASV64","Bacteria","Firmicutes","Clostridia","Peptostreptococcales-Tissierellales","Family XI","Finegoldia"
"ASV65","Bacteria","Proteobacteria","Alphaproteobacteria","Azospirillales","Azospirillaceae","Niveispirillum"
"ASV66","Bacteria","Firmicutes","Bacilli","Lactobacillales","Lactobacillaceae","Lactobacillus"
"ASV67","Bacteria","Firmicutes","Bacilli","Lactobacillales","Lactobacillaceae","Lactobacillus"
"ASV68","Bacteria","Firmicutes","Clostridia","Peptostreptococcales-Tissierellales","Family XI","Anaerococcus"
"ASV69","Bacteria","Firmicutes","Bacilli","Bacillales","Bacillaceae","Bacillus"
"ASV70","Bacteria","Actinobacteriota","Actinobacteria","Corynebacteriales","Corynebacteriaceae","Corynebacterium"
"ASV71","Bacteria","Actinobacteriota","Actinobacteria","Micrococcales","Micrococcaceae","Kocuria"
"ASV72","Bacteria","Actinobacteriota","Actinobacteria","Corynebacteriales","Corynebacteriaceae","Corynebacterium"
"ASV73","Bacteria","Bacteroidota","Bacteroidia","Bacteroidales","Prevotellaceae","Prevotella"
"ASV74","Bacteria","Proteobacteria","Gammaproteobacteria","Enterobacterales","Vibrionaceae","Photobacterium"
"ASV75","Bacteria","Bacteroidota","Bacteroidia","Sphingobacteriales","Sphingobacteriaceae","Sphingobacterium"
"ASV76","Bacteria","Synergistota","Synergistia","Synergistales","Synergistaceae","Jonquetella"
"ASV77","Bacteria","Bacteroidota","Bacteroidia","Flavobacteriales","Weeksellaceae","Cloacibacterium"
"ASV78","Bacteria","Campylobacterota","Campylobacteria","Campylobacterales","Campylobacteraceae","Campylobacter"
"ASV79","Bacteria","Actinobacteriota","Coriobacteriia","Coriobacteriales","Eggerthellaceae","CHKCI002"
"ASV80","Bacteria","Actinobacteriota","Actinobacteria","Actinomycetales","Actinomycetaceae","Actinomyces"
"ASV81","Bacteria","Bacteroidota","Bacteroidia","Bacteroidales","Porphyromonadaceae","Porphyromonas"
"ASV82","Bacteria","Proteobacteria","Gammaproteobacteria","Burkholderiales","Neisseriaceae","Neisseria"
"ASV83","Bacteria","Proteobacteria","Alphaproteobacteria","Azospirillales","Azospirillaceae","Azospirillum"
"ASV84","Bacteria","Proteobacteria","Alphaproteobacteria","Rickettsiales","Mitochondria",NA
"ASV85","Bacteria","Actinobacteriota","Actinobacteria","Actinomycetales","Actinomycetaceae","Mobiluncus"
"ASV86","Bacteria","Proteobacteria","Alphaproteobacteria","Rickettsiales","Mitochondria",NA
"ASV87","Bacteria","Fusobacteriota","Fusobacteriia","Fusobacteriales","Leptotrichiaceae","Sneathia"
"ASV88","Bacteria","Deinococcota","Deinococci","Thermales","Thermaceae","Thermus"
"ASV89","Bacteria","Proteobacteria","Gammaproteobacteria","Pseudomonadales","Moraxellaceae","Acinetobacter"
"ASV90","Bacteria","Proteobacteria","Alphaproteobacteria","Rickettsiales","Mitochondria",NA
"ASV91","Bacteria","Proteobacteria","Alphaproteobacteria","Rhodobacterales","Rhodobacteraceae","Paracoccus"
"ASV92","Bacteria","Proteobacteria","Gammaproteobacteria","Pseudomonadales","Pseudomonadaceae","Pseudomonas"
"ASV93","Bacteria","Proteobacteria","Gammaproteobacteria","Pseudomonadales","Moraxellaceae","Acinetobacter"
"ASV94","Bacteria","Proteobacteria","Gammaproteobacteria","Burkholderiales","Comamonadaceae","Delftia"
"ASV95","Bacteria","Firmicutes","Negativicutes","Veillonellales-Selenomonadales","Veillonellaceae","Dialister"
"ASV96","Bacteria","Proteobacteria","Alphaproteobacteria","Acetobacterales","Acetobacteraceae","Roseomonas"
"ASV97","Bacteria","Proteobacteria","Alphaproteobacteria","Rhodobacterales","Rhodobacteraceae",NA
"ASV98","Bacteria","Actinobacteriota","Actinobacteria","Micrococcales","Micrococcaceae","Rothia"
"ASV99","Bacteria","Deinococcota","Deinococci","Thermales","Thermaceae","Thermus"
"ASV100","Bacteria","Cyanobacteria","Cyanobacteriia","Chloroplast",NA,NA
"ASV101","Bacteria","Firmicutes","Clostridia","Peptostreptococcales-Tissierellales","Family XI","Fenollaria"
"ASV102","Bacteria","Proteobacteria","Alphaproteobacteria","Rickettsiales","Mitochondria",NA
"ASV103","Bacteria","Bacteroidota","Bacteroidia","Bacteroidales","Prevotellaceae","Prevotella_7"
"ASV104","Bacteria","Proteobacteria","Alphaproteobacteria","Rickettsiales","Mitochondria",NA
"ASV105","Bacteria","Firmicutes","Bacilli","Bacillales","Bacillaceae","Geobacillus"
"ASV106","Bacteria","Proteobacteria","Gammaproteobacteria","Pseudomonadales","Pseudomonadaceae","Pseudomonas"
"ASV107","Bacteria","Bacteroidota","Bacteroidia","Flavobacteriales","Weeksellaceae","Chryseobacterium"
"ASV108","Bacteria","Firmicutes","Bacilli","Staphylococcales","Staphylococcaceae","Staphylococcus"
"ASV109","Bacteria","Proteobacteria","Alphaproteobacteria","Rickettsiales","Mitochondria",NA
"ASV110","Bacteria","Actinobacteriota","Actinobacteria","Corynebacteriales","Corynebacteriaceae","Corynebacterium"
"ASV111","Bacteria","Firmicutes","Bacilli","Lactobacillales","Enterococcaceae","Enterococcus"
"ASV112","Bacteria","Proteobacteria","Alphaproteobacteria","Rickettsiales","Mitochondria",NA
"ASV113","Bacteria","Firmicutes","Bacilli","Lactobacillales","Lactobacillaceae","HT002"
"ASV114","Bacteria","Proteobacteria","Gammaproteobacteria","Pseudomonadales","Moraxellaceae","Acinetobacter"
"ASV115","Bacteria","Firmicutes","Clostridia","Peptostreptococcales-Tissierellales","Family XI","Peptoniphilus"
"ASV116","Bacteria","Proteobacteria","Alphaproteobacteria","Rickettsiales","Mitochondria",NA
"ASV117","Bacteria","Firmicutes","Bacilli","Lactobacillales","Carnobacteriaceae","Granulicatella"
"ASV118","Bacteria","Proteobacteria","Alphaproteobacteria","Rickettsiales","Mitochondria",NA
"ASV119","Bacteria","Actinobacteriota","Actinobacteria","Bifidobacteriales","Bifidobacteriaceae","Bifidobacterium"
"ASV120","Bacteria","Firmicutes","Negativicutes","Veillonellales-Selenomonadales","Veillonellaceae","Veillonella"
"ASV121","Bacteria","Actinobacteriota","Actinobacteria","Corynebacteriales","Corynebacteriaceae","Corynebacterium"
"ASV122","Bacteria","Proteobacteria","Alphaproteobacteria","Rickettsiales","Mitochondria",NA
"ASV123","Bacteria","Deinococcota","Deinococci","Thermales","Thermaceae","Thermus"
"ASV124","Bacteria","Proteobacteria","Alphaproteobacteria","Rickettsiales","Mitochondria",NA
"ASV125","Bacteria","Proteobacteria","Alphaproteobacteria","Rickettsiales","Mitochondria",NA
"ASV126","Bacteria","Actinobacteriota","Actinobacteria","Micrococcales","Micrococcaceae","Rothia"
"ASV127","Bacteria","Proteobacteria","Gammaproteobacteria","Enterobacterales","Pasteurellaceae","Haemophilus"
"ASV128","Bacteria","Actinobacteriota","Actinobacteria","Micrococcales","Brevibacteriaceae","Brevibacterium"
"ASV129","Bacteria","Proteobacteria","Alphaproteobacteria","Rickettsiales","Mitochondria",NA
"ASV130","Bacteria","Proteobacteria","Alphaproteobacteria","Rickettsiales","Mitochondria",NA
"ASV131","Bacteria","Firmicutes","Bacilli","Lactobacillales","Enterococcaceae","Enterococcus"
"ASV132","Bacteria","Proteobacteria","Alphaproteobacteria","Rickettsiales","Mitochondria",NA
"ASV133","Bacteria","Bacteroidota","Bacteroidia","Bacteroidales","Prevotellaceae","Prevotella"
"ASV134","Bacteria","Actinobacteriota","Actinobacteria","Corynebacteriales","Corynebacteriaceae","Corynebacterium"
"ASV135","Bacteria","Firmicutes","Negativicutes","Veillonellales-Selenomonadales","Veillonellaceae","Veillonella"
"ASV136","Bacteria","Firmicutes","Bacilli","Lactobacillales","Streptococcaceae","Streptococcus"
"ASV137","Bacteria","Firmicutes","Negativicutes","Veillonellales-Selenomonadales","Veillonellaceae","Veillonella"
"ASV138","Bacteria","Firmicutes","Clostridia","Lachnospirales","Lachnospiraceae","Howardella"
"ASV139","Bacteria","Fusobacteriota","Fusobacteriia","Fusobacteriales","Fusobacteriaceae","Fusobacterium"
"ASV140","Bacteria","Firmicutes","Bacilli","Lactobacillales","Lactobacillaceae","Dellaglioa"
"ASV141","Bacteria","Actinobacteriota","Actinobacteria","Bifidobacteriales","Bifidobacteriaceae","Bifidobacterium"
"ASV142","Bacteria","Proteobacteria","Gammaproteobacteria","Pseudomonadales","Moraxellaceae","Acinetobacter"
"ASV143","Bacteria","Firmicutes","Bacilli","Lactobacillales","Carnobacteriaceae","Granulicatella"
"ASV144","Bacteria","Proteobacteria","Gammaproteobacteria","Pseudomonadales","Moraxellaceae","Acinetobacter"
"ASV145","Bacteria","Proteobacteria",NA,NA,NA,NA
"ASV146","Bacteria","Firmicutes","Bacilli","Lactobacillales","Streptococcaceae","Streptococcus"
"ASV147","Bacteria","Proteobacteria","Gammaproteobacteria","Pseudomonadales","Pseudomonadaceae","Pseudomonas"
"ASV148","Bacteria","Proteobacteria","Gammaproteobacteria","Enterobacterales","Enterobacteriaceae","Klebsiella"
"ASV149","Bacteria","Firmicutes","Clostridia","Peptostreptococcales-Tissierellales","Family XI","Anaerococcus"
"ASV150","Bacteria","Proteobacteria","Gammaproteobacteria","Enterobacterales","Enterobacteriaceae","Salmonella"
"ASV151","Bacteria","Firmicutes","Bacilli","Bacillales","Bacillaceae","Anoxybacillus"
"ASV152","Bacteria","Firmicutes","Bacilli","Lactobacillales","Carnobacteriaceae","Atopostipes"
"ASV153","Bacteria","Firmicutes","Bacilli","Bacillales","Planococcaceae","Viridibacillus"
"ASV154","Bacteria","Proteobacteria","Alphaproteobacteria","Rhodobacterales","Rhodobacteraceae","Paracoccus"
"ASV155","Bacteria","Firmicutes","Bacilli","Lactobacillales","Streptococcaceae","Streptococcus"
"ASV156","Bacteria","Actinobacteriota","Actinobacteria","Corynebacteriales","Corynebacteriaceae","Corynebacterium"
"ASV157","Bacteria","Proteobacteria","Alphaproteobacteria","Sphingomonadales","Sphingomonadaceae","Blastomonas"
"ASV158","Bacteria","Firmicutes","Clostridia","Peptostreptococcales-Tissierellales","Family XI","Peptoniphilus"
"ASV159","Bacteria","Bacteroidota","Bacteroidia","Bacteroidales","Muribaculaceae",NA
"ASV160","Bacteria","Proteobacteria","Gammaproteobacteria","Burkholderiales","Comamonadaceae",NA
"ASV161","Bacteria","Firmicutes","Clostridia","Peptostreptococcales-Tissierellales","Family XI","Peptoniphilus"
"ASV162","Bacteria","Actinobacteriota","Actinobacteria","Micrococcales","Micrococcaceae","Pseudoglutamicibacter"
"ASV163","Bacteria","Bacteroidota","Bacteroidia","Bacteroidales","Prevotellaceae","Prevotella"
"ASV164","Bacteria","Bacteroidota","Bacteroidia","Bacteroidales","Muribaculaceae",NA
"ASV165","Bacteria","Proteobacteria","Gammaproteobacteria","Pseudomonadales","Pseudomonadaceae","Pseudomonas"
"ASV166","Bacteria","Proteobacteria","Gammaproteobacteria","Burkholderiales","Burkholderiaceae","Lautropia"
"ASV167","Bacteria","Deinococcota","Deinococci","Thermales","Thermaceae","Thermus"
"ASV168","Bacteria","Bacteroidota","Bacteroidia","Bacteroidales","Prevotellaceae","Prevotella"
"ASV169","Bacteria","Verrucomicrobiota","Chlamydiae","Chlamydiales","Chlamydiaceae","Chlamydia"
"ASV170","Bacteria","Proteobacteria","Alphaproteobacteria","Rickettsiales","Mitochondria",NA
"ASV171","Bacteria","Proteobacteria","Gammaproteobacteria","Xanthomonadales","Rhodanobacteraceae","Luteibacter"
"ASV172","Bacteria","Firmicutes","Bacilli","Lactobacillales","Lactobacillaceae","Limosilactobacillus"
"ASV173","Bacteria","Proteobacteria","Alphaproteobacteria","Rhodobacterales","Rhodobacteraceae",NA
"ASV174","Bacteria","Firmicutes","Clostridia","Peptostreptococcales-Tissierellales","Family XI","Anaerococcus"
"ASV175","Bacteria","Deinococcota","Deinococci","Thermales","Thermaceae","Meiothermus"
"ASV176","Bacteria","Firmicutes","Clostridia","Peptostreptococcales-Tissierellales","Family XI","Helcococcus"
"ASV177","Bacteria","Firmicutes","Bacilli","Bacillales","Bacillaceae","Anoxybacillus"
"ASV178","Bacteria","Firmicutes","Bacilli","Lactobacillales","Streptococcaceae","Streptococcus"
"ASV179","Bacteria","Proteobacteria","Alphaproteobacteria","Rickettsiales","Mitochondria",NA
"ASV180","Bacteria","Proteobacteria","Alphaproteobacteria","Rickettsiales","Mitochondria",NA
"ASV181","Bacteria","Proteobacteria","Gammaproteobacteria","Pseudomonadales","Halomonadaceae","Zymobacter"
"ASV182","Bacteria","Firmicutes","Bacilli","Lactobacillales","Lactobacillaceae","Leuconostoc"
"ASV183","Bacteria","Firmicutes","Clostridia","Peptostreptococcales-Tissierellales","Family XI","Anaerococcus"
"ASV184","Bacteria","Proteobacteria","Alphaproteobacteria","Rickettsiales","Mitochondria",NA
"ASV185","Bacteria","Actinobacteriota","Actinobacteria","Corynebacteriales","Corynebacteriaceae","Corynebacterium"
"ASV186","Bacteria","Actinobacteriota","Actinobacteria","Micrococcales","Dermabacteraceae","Brachybacterium"
"ASV187","Bacteria","Actinobacteriota","Actinobacteria","Micrococcales","Dermacoccaceae","Dermacoccus"
"ASV188","Bacteria","Proteobacteria","Alphaproteobacteria","Rhizobiales","Rhizobiaceae","Allorhizobium-Neorhizobium-Pararhizobium-Rhizobium"
"ASV189","Bacteria","Proteobacteria","Gammaproteobacteria","Pseudomonadales","Pseudomonadaceae","Pseudomonas"
"ASV190","Bacteria","Firmicutes","Bacilli","Lactobacillales","Carnobacteriaceae","Atopostipes"
"ASV191","Bacteria","Proteobacteria","Gammaproteobacteria","Pseudomonadales","Moraxellaceae","Acinetobacter"
"ASV192","Bacteria","Proteobacteria","Alphaproteobacteria","Rickettsiales",NA,NA
"ASV193","Bacteria","Actinobacteriota","Actinobacteria","Micrococcales","Intrasporangiaceae","Knoellia"
"ASV194","Bacteria","Bacteroidota","Bacteroidia","Bacteroidales","Prevotellaceae","Prevotella_7"
"ASV195","Bacteria","Actinobacteriota","Actinobacteria","Micrococcales","Dermabacteraceae","Brachybacterium"
"ASV196","Bacteria","Firmicutes","Clostridia","Peptostreptococcales-Tissierellales","Family XI","Anaerococcus"
"ASV197","Bacteria","Fusobacteriota","Fusobacteriia","Fusobacteriales","Leptotrichiaceae","Leptotrichia"
"ASV198","Bacteria","Firmicutes","Clostridia","Oscillospirales","Hungateiclostridiaceae","Fastidiosipila"
"ASV199","Bacteria","Actinobacteriota","Actinobacteria","Corynebacteriales","Corynebacteriaceae","Corynebacterium"
"ASV200","Bacteria","Actinobacteriota","Actinobacteria","Corynebacteriales","Corynebacteriaceae","Corynebacterium"
"ASV201","Bacteria","Proteobacteria","Gammaproteobacteria","Enterobacterales","Enterobacteriaceae",NA
"ASV202","Bacteria","Firmicutes","Bacilli","Bacillales","Bacillaceae","Geobacillus"
"ASV203","Bacteria","Proteobacteria","Gammaproteobacteria","Burkholderiales","Burkholderiaceae","Burkholderia-Caballeronia-Paraburkholderia"
"ASV204","Bacteria","Bacteroidota","Bacteroidia","Flavobacteriales","Weeksellaceae","Chryseobacterium"
"ASV205","Bacteria","Proteobacteria","Gammaproteobacteria","Pseudomonadales","Moraxellaceae","Enhydrobacter"
"ASV206","Bacteria","Firmicutes","Clostridia","Peptostreptococcales-Tissierellales","Family XI","Ezakiella"
"ASV207","Bacteria","Proteobacteria","Alphaproteobacteria","Rhodobacterales","Rhodobacteraceae",NA
"ASV208","Bacteria","Firmicutes","Negativicutes","Veillonellales-Selenomonadales","Veillonellaceae","Dialister"
"ASV209","Bacteria","Bacteroidota","Bacteroidia","Bacteroidales","Prevotellaceae","Prevotella_7"
"ASV210","Bacteria","Actinobacteriota","Actinobacteria","Corynebacteriales","Corynebacteriaceae","Corynebacterium"
"ASV211","Bacteria","Actinobacteriota","Actinobacteria","Corynebacteriales","Corynebacteriaceae","Corynebacterium"
"ASV212","Bacteria","Bacteroidota","Bacteroidia","Bacteroidales","Prevotellaceae","Alloprevotella"
"ASV213","Bacteria","Firmicutes","Bacilli","Bacillales","Planococcaceae","Chungangia"
"ASV214","Bacteria","Firmicutes","Negativicutes","Veillonellales-Selenomonadales","Veillonellaceae","Dialister"
"ASV215","Bacteria","Bacteroidota","Bacteroidia","Bacteroidales","Prevotellaceae","Prevotella"
"ASV216","Bacteria","Bacteroidota","Bacteroidia","Bacteroidales","Prevotellaceae","Prevotella"
"ASV217","Bacteria","Proteobacteria","Gammaproteobacteria","Enterobacterales","Pasteurellaceae","Actinobacillus"
"ASV218","Bacteria","Bacteroidota","Bacteroidia","Bacteroidales","Porphyromonadaceae","Porphyromonas"
"ASV219","Bacteria","Cyanobacteria","Cyanobacteriia","Chloroplast",NA,NA
"ASV220","Bacteria","Actinobacteriota","Actinobacteria","Actinomycetales","Actinomycetaceae","Actinomyces"
"ASV221","Bacteria","Campylobacterota","Campylobacteria","Campylobacterales","Campylobacteraceae","Campylobacter"
"ASV222","Bacteria","Actinobacteriota","Actinobacteria","Micrococcales","Microbacteriaceae",NA
"ASV223","Bacteria","Deinococcota","Deinococci","Thermales","Thermaceae","Thermus"
"ASV224","Bacteria","Proteobacteria","Gammaproteobacteria","Enterobacterales",NA,NA
"ASV225","Bacteria","Proteobacteria","Alphaproteobacteria","Sphingomonadales","Sphingomonadaceae","Sphingobium"
"ASV226","Bacteria","Proteobacteria","Gammaproteobacteria","Xanthomonadales","Xanthomonadaceae","Xanthomonas"
"ASV227","Bacteria","Proteobacteria","Alphaproteobacteria","Rhodobacterales","Rhodobacteraceae","Rubellimicrobium"
"ASV228","Bacteria","Proteobacteria","Alphaproteobacteria","Rickettsiales","Mitochondria",NA
"ASV229","Bacteria","Firmicutes","Clostridia","Peptostreptococcales-Tissierellales","Family XI","Anaerococcus"
"ASV230","Bacteria","Proteobacteria","Alphaproteobacteria","Rickettsiales","Mitochondria",NA
"ASV231","Bacteria","Proteobacteria","Gammaproteobacteria","Enterobacterales","Pasteurellaceae","Haemophilus"
"ASV232","Bacteria","Firmicutes","Bacilli","Lactobacillales","Aerococcaceae","Facklamia"
"ASV233","Bacteria","Proteobacteria","Gammaproteobacteria","Burkholderiales","Comamonadaceae","Ottowia"
"ASV234","Bacteria","Actinobacteriota","Actinobacteria","Corynebacteriales","Nocardiaceae","Gordonia"
"ASV235","Bacteria","Firmicutes","Bacilli","Bacillales","Planococcaceae",NA
"ASV236","Bacteria","Proteobacteria","Gammaproteobacteria","Burkholderiales","Neisseriaceae","Neisseria"
"ASV237","Bacteria","Cyanobacteria","Cyanobacteriia","Chloroplast",NA,NA
"ASV238","Bacteria","Actinobacteriota","Actinobacteria","Micrococcales","Microbacteriaceae","Rathayibacter"
"ASV239","Bacteria","Proteobacteria","Gammaproteobacteria","Burkholderiales","Neisseriaceae","Kingella"
"ASV240","Bacteria","Proteobacteria","Alphaproteobacteria","Sphingomonadales","Sphingomonadaceae","Altererythrobacter"
"ASV241","Bacteria","Proteobacteria","Alphaproteobacteria","Rhodobacterales","Rhodobacteraceae","Rubellimicrobium"
"ASV242","Bacteria","Proteobacteria","Gammaproteobacteria","Salinisphaerales","Solimonadaceae","Nevskia"
"ASV243","Bacteria","Proteobacteria","Gammaproteobacteria","Enterobacterales","Aeromonadaceae","Aeromonas"
"ASV244","Bacteria","Proteobacteria","Alphaproteobacteria","Sphingomonadales","Sphingomonadaceae","Altererythrobacter"
"ASV245","Bacteria","Actinobacteriota","Actinobacteria","Micrococcales","Micrococcaceae",NA
"ASV246","Bacteria","Proteobacteria","Alphaproteobacteria","Rickettsiales","Mitochondria",NA
"ASV247","Bacteria","Proteobacteria","Alphaproteobacteria","Sphingomonadales","Sphingomonadaceae","Sphingomonas"
"ASV248","Bacteria","Proteobacteria","Gammaproteobacteria","Burkholderiales","Hydrogenophilaceae","Hydrogenophilus"
"ASV249","Bacteria","Proteobacteria","Alphaproteobacteria","Rhizobiales","Beijerinckiaceae","Bosea"
"ASV250","Bacteria","Bacteroidota","Bacteroidia","Sphingobacteriales","Sphingobacteriaceae","Sphingobacterium"
"ASV251","Bacteria","Actinobacteriota","Actinobacteria","Actinomycetales","Actinomycetaceae","Mobiluncus"
"ASV252","Bacteria","Proteobacteria","Gammaproteobacteria","Burkholderiales","Comamonadaceae","Acidovorax"
"ASV253","Bacteria","Actinobacteriota","Rubrobacteria","Rubrobacterales","Rubrobacteriaceae","Rubrobacter"
"ASV254","Bacteria","Bacteroidota","Bacteroidia","Flavobacteriales","Weeksellaceae","Chryseobacterium"
"ASV255","Bacteria","Actinobacteriota","Actinobacteria","Micrococcales","Micrococcaceae","Pseudarthrobacter"
"ASV256","Bacteria","Firmicutes","Bacilli","Lactobacillales","Streptococcaceae","Streptococcus"
"ASV257","Bacteria","Firmicutes","Bacilli","Thermicanales","Thermicanaceae","Thermicanus"
"ASV258","Bacteria","Firmicutes","Clostridia","Peptostreptococcales-Tissierellales","Family XI","Ezakiella"
"ASV259","Bacteria","Bacteroidota","Bacteroidia","Bacteroidales","Bacteroidaceae","Bacteroides"
"ASV260","Bacteria",NA,NA,NA,NA,NA
"ASV261","Bacteria","Cyanobacteria","Cyanobacteriia","Chloroplast",NA,NA
"ASV262","Bacteria","Actinobacteriota","Actinobacteria","Corynebacteriales","Corynebacteriaceae","Corynebacterium"
"ASV263","Bacteria","Actinobacteriota","Actinobacteria","Corynebacteriales","Corynebacteriaceae","Corynebacterium"
"ASV264","Bacteria","Cyanobacteria","Cyanobacteriia","Chloroplast",NA,NA
"ASV265","Bacteria","Campylobacterota","Campylobacteria","Campylobacterales","Campylobacteraceae","Campylobacter"
"ASV266","Bacteria","Deinococcota","Deinococci","Thermales","Thermaceae","Meiothermus"
"ASV267","Bacteria","Actinobacteriota","Actinobacteria","Corynebacteriales","Corynebacteriaceae","Corynebacterium"
"ASV268","Bacteria","Proteobacteria","Gammaproteobacteria","Enterobacterales","Enterobacteriaceae","Escherichia-Shigella"
"ASV269","Bacteria","Proteobacteria","Alphaproteobacteria","Sphingomonadales","Sphingomonadaceae","Altererythrobacter"
"ASV270","Bacteria","Firmicutes","Bacilli","Bacillales","Bacillaceae",NA
"ASV271","Bacteria","Firmicutes","Bacilli","Lactobacillales","Lactobacillaceae","Leuconostoc"
"ASV272","Bacteria","Proteobacteria","Gammaproteobacteria","Xanthomonadales","Xanthomonadaceae","Pseudoxanthomonas"
"ASV273","Bacteria","Bacteroidota","Bacteroidia","Flavobacteriales","Weeksellaceae","Moheibacter"
"ASV274","Bacteria","Firmicutes","Bacilli","Staphylococcales","Staphylococcaceae","Staphylococcus"
"ASV275","Bacteria","Proteobacteria","Alphaproteobacteria","Azospirillales","Azospirillaceae","Skermanella"
"ASV276","Bacteria","Firmicutes","Bacilli","Lactobacillales","Carnobacteriaceae","Atopostipes"
"ASV277","Bacteria","Proteobacteria","Gammaproteobacteria","Burkholderiales","Oxalobacteraceae","Massilia"
"ASV278","Bacteria","Bacteroidota","Bacteroidia","Bacteroidales","Muribaculaceae",NA
"ASV279","Bacteria","Firmicutes","Bacilli","Staphylococcales","Gemellaceae","Gemella"
"ASV280","Bacteria","Actinobacteriota","Actinobacteria","Micrococcales","Micrococcaceae","Rothia"
"ASV281","Bacteria","Firmicutes","Clostridia","Lachnospirales","Lachnospiraceae",NA
"ASV282","Bacteria","Actinobacteriota","Actinobacteria","Actinomycetales","Actinomycetaceae","Actinomyces"
"ASV283","Bacteria","Proteobacteria","Gammaproteobacteria","Burkholderiales","Comamonadaceae",NA
"ASV284","Bacteria","Bacteroidota","Bacteroidia","Bacteroidales","Prevotellaceae","Prevotella"
"ASV285","Bacteria","Proteobacteria","Gammaproteobacteria","Burkholderiales","Oxalobacteraceae","Massilia"
"ASV286","Bacteria","Firmicutes","Bacilli","Lactobacillales","Streptococcaceae","Streptococcus"
"ASV287","Bacteria","Proteobacteria","Gammaproteobacteria","Burkholderiales","Oxalobacteraceae","Massilia"
"ASV288","Bacteria","Firmicutes","Bacilli","Lactobacillales","Aerococcaceae","Aerococcus"
"ASV289","Bacteria","Proteobacteria","Gammaproteobacteria","Burkholderiales","Comamonadaceae","Rhizobacter"
"ASV290","Bacteria","Firmicutes","Negativicutes","Veillonellales-Selenomonadales","Veillonellaceae","Veillonella"
"ASV291","Bacteria","Actinobacteriota","Actinobacteria","Actinomycetales","Actinomycetaceae","Actinomyces"
"ASV292","Bacteria","Proteobacteria","Gammaproteobacteria","Burkholderiales","Comamonadaceae","Tepidimonas"
"ASV293","Bacteria","Firmicutes","Bacilli","Lactobacillales","Lactobacillaceae","Lactobacillus"
"ASV294","Bacteria","Fusobacteriota","Fusobacteriia","Fusobacteriales","Leptotrichiaceae","Leptotrichia"
"ASV295","Bacteria","Bacteroidota","Bacteroidia","Flavobacteriales","Flavobacteriaceae","Capnocytophaga"
"ASV296","Bacteria","Firmicutes","Clostridia","Peptostreptococcales-Tissierellales","Family XI","Helcococcus"
"ASV297","Bacteria","Firmicutes","Bacilli","Lactobacillales","Lactobacillaceae","Lactobacillus"
"ASV298","Bacteria","Bacteroidota","Bacteroidia","Bacteroidales","Porphyromonadaceae","Porphyromonas"
"ASV299","Bacteria","Bacteroidota","Bacteroidia","Bacteroidales","Prevotellaceae","Prevotella_7"
"ASV300","Bacteria","Proteobacteria","Gammaproteobacteria","Xanthomonadales","Xanthomonadaceae","Stenotrophomonas"
"ASV301","Bacteria","Bacteroidota","Bacteroidia","Flavobacteriales","Weeksellaceae","Chryseobacterium"
"ASV302","Bacteria","Bacteroidota","Bacteroidia","Bacteroidales","Porphyromonadaceae","Porphyromonas"
"ASV303","Bacteria","Proteobacteria","Gammaproteobacteria","Burkholderiales","Hydrogenophilaceae","Thiobacillus"
"ASV304","Bacteria","Fusobacteriota","Fusobacteriia","Fusobacteriales","Fusobacteriaceae","Fusobacterium"
"ASV305","Bacteria","Firmicutes","Negativicutes","Veillonellales-Selenomonadales","Veillonellaceae","Veillonella"
"ASV306","Bacteria","Proteobacteria","Gammaproteobacteria","Pseudomonadales","Pseudomonadaceae","Pseudomonas"
"ASV307","Bacteria","Proteobacteria","Gammaproteobacteria","Enterobacterales","Pectobacteriaceae","Lonsdalea"
"ASV308","Bacteria","Proteobacteria","Gammaproteobacteria","Enterobacterales","Vibrionaceae","Vibrio"
"ASV309","Bacteria","Firmicutes","Clostridia","Lachnospirales","Lachnospiraceae","Agathobacter"
"ASV310","Bacteria","Acidobacteriota","Vicinamibacteria","Vicinamibacterales",NA,NA
"ASV311","Bacteria","Firmicutes","Clostridia","Peptostreptococcales-Tissierellales","Family XI","W5053"
"ASV312","Bacteria","Proteobacteria","Gammaproteobacteria","Burkholderiales","Comamonadaceae","Comamonas"
"ASV313","Bacteria","Proteobacteria","Alphaproteobacteria","Sphingomonadales","Sphingomonadaceae","Sphingomonas"
"ASV314","Bacteria","Proteobacteria","Alphaproteobacteria","Caulobacterales","Caulobacteraceae","Brevundimonas"
"ASV315","Bacteria","Proteobacteria","Gammaproteobacteria","Burkholderiales","Comamonadaceae","Aquabacterium"
"ASV316","Bacteria","Firmicutes","Clostridia","Peptostreptococcales-Tissierellales","Family XI","Anaerococcus"
"ASV317","Bacteria","Bacteroidota","Bacteroidia","Bacteroidales","Prevotellaceae","Prevotella_7"
"ASV318","Bacteria","Myxococcota","Polyangia","Polyangiales","BIrii41",NA
"ASV319","Bacteria","Proteobacteria","Alphaproteobacteria","Rhodobacterales","Rhodobacteraceae","Paracoccus"
"ASV320","Bacteria",NA,NA,NA,NA,NA
"ASV321","Bacteria","Actinobacteriota","Actinobacteria","Actinomycetales","Actinomycetaceae","Varibaculum"
"ASV322","Bacteria","Bacteroidota","Bacteroidia","Bacteroidales","Muribaculaceae",NA
"ASV323","Bacteria","Actinobacteriota","Actinobacteria","Micrococcales","Micrococcaceae","Pseudoglutamicibacter"
"ASV324","Bacteria",NA,NA,NA,NA,NA
"ASV325","Bacteria","Firmicutes","Bacilli","Lactobacillales","Lactobacillaceae","Lactobacillus"
"ASV326","Bacteria","Proteobacteria","Gammaproteobacteria","Burkholderiales","Neisseriaceae",NA
"ASV327","Bacteria","Proteobacteria","Alphaproteobacteria","Rickettsiales","Mitochondria",NA
"ASV328","Bacteria","Proteobacteria","Alphaproteobacteria","Rhizobiales","Rhizobiaceae","Allorhizobium-Neorhizobium-Pararhizobium-Rhizobium"
"ASV329","Bacteria","Firmicutes","Clostridia","Peptostreptococcales-Tissierellales","Peptostreptococcaceae","Peptostreptococcus"
"ASV330","Bacteria","Proteobacteria","Gammaproteobacteria","Enterobacterales","Pasteurellaceae","Aggregatibacter"
"ASV331","Bacteria","Proteobacteria","Alphaproteobacteria","Rickettsiales","Rickettsiaceae",NA
"ASV332","Bacteria","Firmicutes","Bacilli","Staphylococcales","Gemellaceae","Gemella"
"ASV333","Bacteria","Proteobacteria","Gammaproteobacteria","Enterobacterales","Yersiniaceae","Serratia"
"ASV334","Bacteria","Proteobacteria","Gammaproteobacteria","Pseudomonadales","Moraxellaceae","Moraxella"
"ASV335","Bacteria","Actinobacteriota","Actinobacteria","Corynebacteriales","Corynebacteriaceae","Corynebacterium"
"ASV336","Bacteria","Actinobacteriota","Actinobacteria","Corynebacteriales","Corynebacteriaceae","Corynebacterium"
"ASV337","Bacteria","Bacteroidota","Bacteroidia","Bacteroidales","Prevotellaceae","Prevotella_7"
"ASV338","Bacteria","Proteobacteria","Alphaproteobacteria","Rhodobacterales","Rhodobacteraceae","Paracoccus"
"ASV339","Bacteria","Firmicutes","Negativicutes","Veillonellales-Selenomonadales","Veillonellaceae","Anaeroglobus"
"ASV340","Bacteria","Proteobacteria","Gammaproteobacteria","Pseudomonadales","Pseudomonadaceae","Pseudomonas"
"ASV341","Bacteria","Proteobacteria","Alphaproteobacteria","Rhodobacterales","Rhodobacteraceae","Paracoccus"
"ASV342","Bacteria","Proteobacteria","Gammaproteobacteria","Pseudomonadales","Pseudomonadaceae","Pseudomonas"
"ASV343","Bacteria","Proteobacteria","Alphaproteobacteria","Rhizobiales","Rhizobiaceae",NA
"ASV344","Bacteria","Firmicutes","Clostridia","Peptostreptococcales-Tissierellales","Family XI","Anaerococcus"
"ASV345","Bacteria","Firmicutes","Clostridia","Peptostreptococcales-Tissierellales","Family XI","Anaerococcus"
"ASV346","Bacteria","Proteobacteria","Gammaproteobacteria","Burkholderiales","Oxalobacteraceae",NA
"ASV347","Bacteria","Proteobacteria","Alphaproteobacteria","Sphingomonadales","Sphingomonadaceae","Sphingomonas"
"ASV348","Bacteria","Proteobacteria","Gammaproteobacteria","Burkholderiales","Burkholderiaceae","Burkholderia-Caballeronia-Paraburkholderia"
"ASV349","Bacteria","Firmicutes","Clostridia","Oscillospirales","Ruminococcaceae","Faecalibacterium"
"ASV350","Bacteria","Proteobacteria","Alphaproteobacteria","Caulobacterales","Caulobacteraceae","Brevundimonas"
"ASV351","Bacteria","Cyanobacteria","Cyanobacteriia","Chloroplast",NA,NA
"ASV352","Bacteria","Bacteroidota","Bacteroidia",NA,NA,NA
"ASV353","Bacteria","Bacteroidota","Bacteroidia","Sphingobacteriales","Sphingobacteriaceae","Pedobacter"
"ASV354","Bacteria","Actinobacteriota","Actinobacteria","Micrococcales","Micrococcaceae","Rothia"
"ASV355","Bacteria","Proteobacteria","Gammaproteobacteria","Enterobacterales","Enterobacteriaceae","Escherichia-Shigella"
"ASV356","Bacteria","Firmicutes","Bacilli","Lactobacillales","Lactobacillaceae","Limosilactobacillus"
"ASV357","Bacteria",NA,NA,NA,NA,NA
"ASV358","Bacteria","Firmicutes","Bacilli","Lactobacillales","Lactobacillaceae","Limosilactobacillus"
"ASV359","Bacteria","Deinococcota","Deinococci","Deinococcales","Deinococcaceae","Deinococcus"
"ASV360","Bacteria","Bacteroidota","Bacteroidia","Bacteroidales","Muribaculaceae",NA
"ASV361","Bacteria","Bacteroidota","Bacteroidia",NA,NA,NA
"ASV362","Bacteria","Proteobacteria","Gammaproteobacteria","Xanthomonadales","Rhodanobacteraceae","Dyella"
"ASV363","Bacteria","Actinobacteriota","Actinobacteria","Propionibacteriales","Nocardioidaceae","Aeromicrobium"
"ASV364","Bacteria","Bacteroidota","Bacteroidia","Bacteroidales","Rikenellaceae","Rikenellaceae RC9 gut group"
"ASV365","Bacteria","Firmicutes","Bacilli","Lactobacillales","Aerococcaceae","Aerococcus"
"ASV366","Bacteria","Actinobacteriota","Actinobacteria","Corynebacteriales","Nocardiaceae","Gordonia"
"ASV367","Bacteria","Proteobacteria","Gammaproteobacteria","Enterobacterales","Aeromonadaceae","Tolumonas"
"ASV368","Bacteria","Actinobacteriota","Actinobacteria","Micrococcales","Dermabacteraceae","Dermabacter"
"ASV369","Bacteria","Firmicutes","Clostridia","Peptostreptococcales-Tissierellales","Family XI","Anaerococcus"
"ASV370","Bacteria","Proteobacteria","Gammaproteobacteria","Burkholderiales","Comamonadaceae","Curvibacter"
"ASV371","Bacteria","Actinobacteriota","Actinobacteria","Actinomycetales","Actinomycetaceae",NA
"ASV372","Bacteria","Proteobacteria","Gammaproteobacteria","Pseudomonadales","Pseudomonadaceae","Pseudomonas"
"ASV373","Bacteria","Fusobacteriota","Fusobacteriia","Fusobacteriales","Fusobacteriaceae","Fusobacterium"
"ASV374","Bacteria","Fusobacteriota","Fusobacteriia","Fusobacteriales","Fusobacteriaceae","Fusobacterium"
"ASV375","Bacteria","Firmicutes","Bacilli","Bacillales",NA,NA
"ASV376","Bacteria","Proteobacteria","Alphaproteobacteria","Rhodobacterales","Rhodobacteraceae","Paracoccus"
"ASV377","Bacteria","Fusobacteriota","Fusobacteriia","Fusobacteriales","Leptotrichiaceae","Leptotrichia"
"ASV378","Bacteria","Actinobacteriota","Actinobacteria","Micrococcales","Micrococcaceae","Micrococcus"
"ASV379","Bacteria","Proteobacteria","Alphaproteobacteria","Rhizobiales","Rhizobiaceae",NA
"ASV380","Bacteria","Firmicutes","Bacilli","Bacillales","Bacillaceae","Geobacillus"
"ASV381","Bacteria","Proteobacteria","Alphaproteobacteria","Rhizobiales","Rhizobiaceae","Pseudorhizobium"
"ASV382","Bacteria","Proteobacteria","Gammaproteobacteria","Enterobacterales",NA,NA
"ASV383","Bacteria","Firmicutes","Bacilli","Staphylococcales","Staphylococcaceae","Staphylococcus"
"ASV384","Bacteria","Proteobacteria","Alphaproteobacteria","Sphingomonadales","Sphingomonadaceae","Sphingomonas"
"ASV385","Bacteria","Proteobacteria","Alphaproteobacteria","Acetobacterales","Acetobacteraceae","Belnapia"
"ASV386","Bacteria","Firmicutes","Bacilli","Lactobacillales","Lactobacillaceae","Lactobacillus"
"ASV387","Bacteria","Deinococcota","Deinococci","Thermales","Thermaceae","Thermus"
"ASV388","Bacteria","Firmicutes","Bacilli","Lactobacillales","Carnobacteriaceae","Desemzia"
"ASV389","Bacteria","Chloroflexi","Anaerolineae","Caldilineales","Caldilineaceae",NA
"ASV390","Bacteria","Firmicutes","Clostridia","Peptostreptococcales-Tissierellales","Family XI","Peptoniphilus"
"ASV391","Bacteria","Bacteroidota","Bacteroidia","Bacteroidales","Porphyromonadaceae","Porphyromonas"
"ASV392","Bacteria","Fusobacteriota","Fusobacteriia","Fusobacteriales","Leptotrichiaceae","Leptotrichia"
"ASV393","Bacteria","Bacteroidota","Bacteroidia","Flavobacteriales","Weeksellaceae","Moheibacter"
"ASV394","Bacteria","Proteobacteria","Alphaproteobacteria","Rhizobiales","Rhizobiaceae","Phyllobacterium"
"ASV395","Bacteria","Proteobacteria","Gammaproteobacteria","Burkholderiales","Burkholderiaceae","Burkholderia-Caballeronia-Paraburkholderia"
"ASV396","Bacteria","Firmicutes","Bacilli","Bacillales","Planococcaceae","Planococcus"
"ASV397","Bacteria","Proteobacteria","Gammaproteobacteria","Burkholderiales","Oxalobacteraceae","Pseudoduganella"
"ASV398","Bacteria","Firmicutes","Bacilli","Lactobacillales","Lactobacillaceae","Lactobacillus"
"ASV399","Bacteria","Firmicutes","Bacilli","Mycoplasmatales","Mycoplasmataceae","Mycoplasma"
"ASV400","Bacteria","Bacteroidota","Bacteroidia","Bacteroidales","Prevotellaceae","Prevotella_7"
"ASV401","Bacteria",NA,NA,NA,NA,NA
"ASV402","Bacteria","Actinobacteriota","Actinobacteria","Micrococcales","Brevibacteriaceae","Brevibacterium"
"ASV403","Bacteria","Proteobacteria","Alphaproteobacteria","Sphingomonadales","Sphingomonadaceae","Blastomonas"
"ASV404","Bacteria","Proteobacteria","Alphaproteobacteria","Rhizobiales","Xanthobacteraceae","Bradyrhizobium"
"ASV405","Bacteria","Actinobacteriota","Actinobacteria","Bifidobacteriales","Bifidobacteriaceae","Bifidobacterium"
"ASV406","Bacteria","Proteobacteria","Alphaproteobacteria","Sphingomonadales","Sphingomonadaceae","Sphingomonas"
"ASV407","Bacteria","Cyanobacteria","Cyanobacteriia","Cyanobacteriales","Chroococcidiopsaceae","Chroococcidiopsis PCC 7203"
"ASV408","Bacteria","Proteobacteria","Gammaproteobacteria","Enterobacterales","Enterobacteriaceae","Escherichia-Shigella"
"ASV409","Bacteria","Proteobacteria","Gammaproteobacteria","Enterobacterales","Pasteurellaceae","Haemophilus"
"ASV410","Bacteria","Bacteroidota","Bacteroidia","Chitinophagales","Saprospiraceae","OLB8"
"ASV411","Bacteria","Bacteroidota","Bacteroidia","Bacteroidales","Prevotellaceae","Prevotella"
"ASV412","Bacteria","Actinobacteriota","Actinobacteria","Micrococcales","Micrococcaceae","Kocuria"
"ASV413","Bacteria",NA,NA,NA,NA,NA
"ASV414","Bacteria","Actinobacteriota","Actinobacteria","Micrococcales","Micrococcaceae","Rothia"
"ASV415","Bacteria","Proteobacteria","Gammaproteobacteria","Pseudomonadales","Moraxellaceae","Enhydrobacter"
"ASV416","Bacteria","Bacteroidota","Bacteroidia","Bacteroidales","Rikenellaceae","Rikenellaceae RC9 gut group"
"ASV417","Bacteria","Proteobacteria","Alphaproteobacteria","Rickettsiales","Mitochondria",NA
"ASV418","Bacteria","Firmicutes","Clostridia","Oscillospirales","Oscillospiraceae","UCG-002"
"ASV419","Bacteria","Bacteroidota","Bacteroidia","Bacteroidales","Bacteroidaceae","Bacteroides"
"ASV420","Bacteria","Deinococcota","Deinococci","Deinococcales","Deinococcaceae","Deinococcus"
"ASV421","Bacteria","Cyanobacteria","Cyanobacteriia","Chloroplast",NA,NA
"ASV422","Bacteria","Proteobacteria","Gammaproteobacteria","Xanthomonadales","Xanthomonadaceae","Stenotrophomonas"
"ASV423","Bacteria","Proteobacteria","Alphaproteobacteria","Acetobacterales","Acetobacteraceae","Roseomonas"
"ASV424","Bacteria","Proteobacteria","Alphaproteobacteria","Rickettsiales","Mitochondria",NA
"ASV425","Bacteria","Firmicutes","Bacilli","Lactobacillales","Lactobacillaceae","Lactobacillus"
"ASV426","Bacteria","Patescibacteria","Gracilibacteria","Absconditabacteriales (SR1)",NA,NA
"ASV427","Bacteria","Firmicutes","Clostridia","Peptostreptococcales-Tissierellales","Peptostreptococcaceae","Peptoclostridium"
"ASV428","Bacteria","Firmicutes","Clostridia","Peptostreptococcales-Tissierellales","Family XI","Peptoniphilus"
"ASV429","Bacteria","Firmicutes","Clostridia","Peptostreptococcales-Tissierellales","Family XI","Anaerococcus"
"ASV430","Bacteria",NA,NA,NA,NA,NA
"ASV431","Bacteria","Firmicutes","Negativicutes","Veillonellales-Selenomonadales","Veillonellaceae","Megasphaera"
"ASV432","Bacteria","Firmicutes","Bacilli","Bacillales","Planococcaceae","Planococcus"
"ASV433","Bacteria","Actinobacteriota","Actinobacteria","Micrococcales","Micrococcaceae","Micrococcus"
"ASV434","Bacteria","Proteobacteria","Gammaproteobacteria","Burkholderiales","Neisseriaceae",NA
"ASV435","Bacteria","Firmicutes","Clostridia","Oscillospirales","Butyricicoccaceae","UCG-008"
"ASV436","Bacteria","Actinobacteriota","Actinobacteria","Corynebacteriales","Mycobacteriaceae","Mycobacterium"
"ASV437","Bacteria","Proteobacteria","Gammaproteobacteria","Pseudomonadales","Pseudomonadaceae","Pseudomonas"
"ASV438","Bacteria","Bacteroidota","Bacteroidia","Bacteroidales","Prevotellaceae","Prevotella_7"
"ASV439","Bacteria","Proteobacteria","Gammaproteobacteria","Burkholderiales","Burkholderiaceae","Burkholderia-Caballeronia-Paraburkholderia"
"ASV440","Bacteria","Proteobacteria","Gammaproteobacteria","Xanthomonadales","Xanthomonadaceae","Lysobacter"
"ASV441","Bacteria","Fusobacteriota","Fusobacteriia","Fusobacteriales","Leptotrichiaceae","Sneathia"
"ASV442","Bacteria","Actinobacteriota","Actinobacteria","Micrococcales","Micrococcaceae","Kocuria"
"ASV443","Bacteria","Firmicutes","Bacilli","Bacillales","Bacillaceae","Anaerobacillus"
"ASV444","Bacteria","Firmicutes","Clostridia","Peptostreptococcales-Tissierellales","Family XI","Anaerococcus"
"ASV445","Bacteria","Proteobacteria","Alphaproteobacteria","Rhizobiales","Rhizobiaceae",NA
"ASV446","Bacteria","Proteobacteria","Gammaproteobacteria","Burkholderiales","Comamonadaceae","Schlegelella"
"ASV447","Bacteria","Actinobacteriota","Actinobacteria","Pseudonocardiales","Pseudonocardiaceae","Actinomycetospora"
"ASV448","Bacteria","Proteobacteria","Gammaproteobacteria","Pseudomonadales","Moraxellaceae","Acinetobacter"
"ASV449","Bacteria","Actinobacteriota","Actinobacteria","Micrococcales","Micrococcaceae","Rothia"
"ASV450","Bacteria","Actinobacteriota","Actinobacteria","Micrococcales","Brevibacteriaceae","Brevibacterium"
"ASV451","Bacteria","Actinobacteriota","Actinobacteria","Pseudonocardiales","Pseudonocardiaceae","Saccharomonospora"
"ASV452","Bacteria","Proteobacteria","Gammaproteobacteria","Xanthomonadales","Xanthomonadaceae","Pseudoxanthomonas"
"ASV453","Bacteria","Firmicutes","Bacilli","Bacillales","Planococcaceae",NA
"ASV454","Bacteria","Firmicutes","Bacilli","Lactobacillales","Carnobacteriaceae","Atopostipes"
"ASV455","Bacteria","Proteobacteria","Gammaproteobacteria","Pseudomonadales","Pseudomonadaceae","Pseudomonas"
"ASV456","Bacteria","Firmicutes","Clostridia","Oscillospirales","Ruminococcaceae","CAG-352"
"ASV457","Bacteria","Firmicutes","Bacilli","Bacillales","Planococcaceae","Kurthia"
"ASV458","Bacteria","Bacteroidota","Bacteroidia","Cytophagales","Cytophagaceae","Cytophaga"
"ASV459","Bacteria","Firmicutes","Bacilli","Bacillales","Planococcaceae","Solibacillus"
"ASV460","Bacteria","Bacteroidota","Bacteroidia","Cytophagales","Hymenobacteraceae","Hymenobacter"
"ASV461","Bacteria","Proteobacteria","Gammaproteobacteria","Pseudomonadales","Moraxellaceae","Acinetobacter"
"ASV462","Bacteria","Firmicutes","Bacilli","Bacillales","Planococcaceae",NA
"ASV463","Bacteria","Proteobacteria","Gammaproteobacteria","Burkholderiales","Oxalobacteraceae","Duganella"
"ASV464","Bacteria","Firmicutes","Bacilli","Lactobacillales","Lactobacillaceae","Limosilactobacillus"
"ASV465","Bacteria","Actinobacteriota","Actinobacteria","Corynebacteriales","Corynebacteriaceae","Corynebacterium"
"ASV466","Bacteria","Proteobacteria",NA,NA,NA,NA
"ASV467","Bacteria","Fusobacteriota","Fusobacteriia","Fusobacteriales","Fusobacteriaceae","Fusobacterium"
"ASV468","Bacteria","Proteobacteria","Gammaproteobacteria","Pseudomonadales","Pseudomonadaceae","Pseudomonas"
"ASV469","Bacteria","Firmicutes","Bacilli","Lactobacillales","Aerococcaceae","Facklamia"
"ASV470","Bacteria","Proteobacteria","Alphaproteobacteria","Azospirillales","Azospirillaceae","Azospirillum"
"ASV471","Bacteria","Proteobacteria","Gammaproteobacteria","Burkholderiales","Comamonadaceae",NA
"ASV472","Bacteria","Proteobacteria","Alphaproteobacteria","Rickettsiales","Mitochondria",NA
"ASV473","Bacteria","Firmicutes","Bacilli","Staphylococcales","Staphylococcaceae","Jeotgalicoccus"
"ASV474","Bacteria","Proteobacteria","Gammaproteobacteria","Burkholderiales","Oxalobacteraceae",NA
"ASV475","Bacteria","Firmicutes","Bacilli","Bacillales","Planococcaceae","Rummeliibacillus"
"ASV476","Bacteria","Actinobacteriota","Actinobacteria","Corynebacteriales","Dietziaceae","Dietzia"
"ASV477","Bacteria","Bacteroidota","Bacteroidia","Bacteroidales","Dysgonomonadaceae","Proteiniphilum"
"ASV478","Bacteria","Actinobacteriota","Actinobacteria","Actinomycetales","Actinomycetaceae","Varibaculum"
"ASV479","Bacteria","Actinobacteriota","Actinobacteria","Actinomycetales","Actinomycetaceae","Actinomyces"
"ASV480","Bacteria","Firmicutes","Bacilli","Lactobacillales","Lactobacillaceae","Latilactobacillus"
"ASV481","Bacteria","Proteobacteria","Gammaproteobacteria","Pseudomonadales","Pseudomonadaceae","Pseudomonas"
"ASV482","Bacteria","Verrucomicrobiota","Verrucomicrobiae","Verrucomicrobiales","Akkermansiaceae","Akkermansia"
"ASV483","Bacteria","Proteobacteria","Alphaproteobacteria","Rickettsiales","Mitochondria",NA
"ASV484","Bacteria","Proteobacteria","Alphaproteobacteria","Sphingomonadales","Sphingomonadaceae",NA
"ASV485","Bacteria","Firmicutes","Bacilli","Staphylococcales","Gemellaceae","Gemella"
"ASV486","Bacteria","Firmicutes","Bacilli","Lactobacillales","Listeriaceae","Brochothrix"
"ASV487","Bacteria","Cyanobacteria","Cyanobacteriia","Cyanobacteriales","Chroococcidiopsaceae",NA
"ASV488","Bacteria",NA,NA,NA,NA,NA
"ASV489","Bacteria","Fusobacteriota","Fusobacteriia","Fusobacteriales","Leptotrichiaceae","Leptotrichia"
"ASV490","Bacteria","Bacteroidota","Bacteroidia","Flavobacteriales","Flavobacteriaceae","Antarcticibacterium"
"ASV491","Bacteria","Firmicutes","Bacilli","Staphylococcales","Staphylococcaceae","Staphylococcus"
"ASV492","Bacteria","Firmicutes","Bacilli","Acholeplasmatales","Acholeplasmataceae","EMP-G18"
"ASV493","Bacteria","Proteobacteria","Gammaproteobacteria","Pseudomonadales","Moraxellaceae","Acinetobacter"
"ASV494","Bacteria","Proteobacteria","Alphaproteobacteria","Rhodobacterales","Rhodobacteraceae",NA
"ASV495","Bacteria","Proteobacteria","Gammaproteobacteria","Burkholderiales","Rhodocyclaceae","Azospira"
"ASV496","Bacteria","Firmicutes","Bacilli","Lactobacillales","Carnobacteriaceae","Atopostipes"
"ASV497","Bacteria","Firmicutes","Negativicutes","Veillonellales-Selenomonadales","Veillonellaceae","Veillonella"
"ASV498","Bacteria","Proteobacteria","Gammaproteobacteria","Burkholderiales","Sutterellaceae","Sutterella"
"ASV499","Bacteria","Firmicutes","Clostridia","Peptococcales","Peptococcaceae","Peptococcus"
"ASV500","Bacteria","Bacteroidota","Bacteroidia","Bacteroidales","Porphyromonadaceae","Porphyromonas"
"ASV501","Bacteria","Firmicutes","Bacilli","Lactobacillales","Aerococcaceae","Facklamia"
"ASV502","Bacteria","Bacteroidota","Bacteroidia","Bacteroidales","Prevotellaceae","Prevotella"
"ASV503","Bacteria","Actinobacteriota","Actinobacteria","Corynebacteriales","Corynebacteriaceae","Corynebacterium"
"ASV504","Bacteria","Firmicutes","Bacilli","Bacillales","Planococcaceae","Caryophanon"
"ASV505","Bacteria","Proteobacteria","Gammaproteobacteria","Xanthomonadales","Xanthomonadaceae","Pseudoxanthomonas"
"ASV506","Bacteria","Cyanobacteria","Cyanobacteriia","Cyanobacteriales","Chroococcidiopsaceae","Aliterella"
"ASV507","Bacteria","Firmicutes","Clostridia","Peptostreptococcales-Tissierellales","Family XI","Gallicola"
"ASV508","Bacteria",NA,NA,NA,NA,NA
"ASV509","Bacteria","Firmicutes","Clostridia","Peptostreptococcales-Tissierellales","Family XI","Anaerococcus"
"ASV510","Bacteria","Deinococcota","Deinococci","Thermales","Thermaceae","Thermus"
"ASV511","Bacteria","Proteobacteria",NA,NA,NA,NA
"ASV512","Bacteria","Firmicutes","Bacilli","Lactobacillales","Lactobacillaceae",NA
"ASV513","Bacteria","Firmicutes","Clostridia","Peptostreptococcales-Tissierellales","Family XI","Parvimonas"
"ASV514","Bacteria","Firmicutes","Clostridia","Lachnospirales","Lachnospiraceae","Stomatobaculum"
"ASV515","Bacteria","Bacteroidota","Bacteroidia","Bacteroidales","Porphyromonadaceae","Porphyromonas"
"ASV516","Bacteria","Bacteroidota","Bacteroidia","Bacteroidales","Dysgonomonadaceae","Proteiniphilum"
"ASV517","Bacteria","Firmicutes","Bacilli","Staphylococcales","Staphylococcaceae","Salinicoccus"
"ASV518","Bacteria","Firmicutes","Bacilli","Lactobacillales","Carnobacteriaceae","Carnobacterium"
"ASV519","Bacteria","Proteobacteria","Alphaproteobacteria","Rickettsiales","Mitochondria",NA
"ASV520","Bacteria","Bacteroidota","Bacteroidia","Bacteroidales","Muribaculaceae",NA
"ASV521","Bacteria","Firmicutes","Bacilli","Bacillales","Planococcaceae","Lysinibacillus"
"ASV522","Bacteria",NA,NA,NA,NA,NA
"ASV523","Bacteria","Bacteroidota","Bacteroidia","Flavobacteriales","Weeksellaceae","Chryseobacterium"
"ASV524","Bacteria","Proteobacteria","Gammaproteobacteria","Pseudomonadales","Pseudomonadaceae","Pseudomonas"
"ASV525","Bacteria","Proteobacteria","Gammaproteobacteria","Burkholderiales","Burkholderiaceae","Burkholderia-Caballeronia-Paraburkholderia"
"ASV526","Bacteria","Proteobacteria","Alphaproteobacteria","Rhizobiales","Rhizobiaceae","Shinella"
"ASV527","Bacteria","Myxococcota","Polyangia","Nannocystales","Nannocystaceae","Nannocystis"
"ASV528","Bacteria","Proteobacteria","Gammaproteobacteria","Pseudomonadales","Halomonadaceae","Halomonas"
"ASV529","Bacteria","Proteobacteria","Gammaproteobacteria","Enterobacterales","Pasteurellaceae","Haemophilus"
"ASV530","Bacteria","Actinobacteriota","Actinobacteria","Corynebacteriales","Corynebacteriaceae","Corynebacterium"
"ASV531","Bacteria","Bacteroidota","Bacteroidia","Bacteroidales","Prevotellaceae","Prevotella_7"
"ASV532","Bacteria","Proteobacteria","Gammaproteobacteria","Pseudomonadales","Pseudomonadaceae","Pseudomonas"
"ASV533","Bacteria","Actinobacteriota","Actinobacteria","Micrococcales","Micrococcaceae","Rothia"
"ASV534","Bacteria","Proteobacteria","Gammaproteobacteria","CCD24",NA,NA
"ASV535","Bacteria","Bacteroidota","Bacteroidia","Sphingobacteriales","Sphingobacteriaceae","Arcticibacter"
"ASV536","Bacteria","Proteobacteria","Alphaproteobacteria","Sphingomonadales","Sphingomonadaceae","Sphingomonas"
"ASV537","Bacteria","Firmicutes","Bacilli","Lactobacillales","Lactobacillaceae","Lactobacillus"
"ASV538","Bacteria","Bacteroidota","Bacteroidia","Bacteroidales","Prevotellaceae","Prevotella"
"ASV539","Bacteria","Firmicutes","Negativicutes","Veillonellales-Selenomonadales","Selenomonadaceae","Selenomonas"
"ASV540","Bacteria","Firmicutes","Bacilli","Bacillales","Bacillaceae","Geobacillus"
"ASV541","Bacteria","Actinobacteriota","Actinobacteria","Corynebacteriales","Nocardiaceae","Gordonia"
"ASV542","Bacteria","Proteobacteria","Alphaproteobacteria","Rhodobacterales","Rhodobacteraceae","Rubellimicrobium"
"ASV543","Bacteria","Actinobacteriota","Actinobacteria","Actinomycetales","Actinomycetaceae","Actinomyces"
"ASV544","Bacteria","Proteobacteria","Alphaproteobacteria","Rhodobacterales","Rhodobacteraceae","Gemmobacter"
"ASV545","Bacteria","Firmicutes","Bacilli","Lactobacillales","Vagococcaceae","Vagococcus"
"ASV546","Bacteria","Bacteroidota","Bacteroidia","Bacteroidales","Prevotellaceae","Prevotella_7"
"ASV547","Bacteria","Proteobacteria","Alphaproteobacteria","Sphingomonadales","Sphingomonadaceae","Sphingomonas"
"ASV548","Bacteria",NA,NA,NA,NA,NA
"ASV549","Bacteria","Proteobacteria","Gammaproteobacteria","Enterobacterales",NA,NA
"ASV550","Bacteria","Bacteroidota","Bacteroidia","Cytophagales","Hymenobacteraceae","Hymenobacter"
"ASV551","Bacteria","Proteobacteria","Alphaproteobacteria","Sphingomonadales","Sphingomonadaceae","Ellin6055"
"ASV552","Bacteria","Proteobacteria","Gammaproteobacteria","Burkholderiales","Burkholderiaceae","Burkholderia-Caballeronia-Paraburkholderia"
"ASV553","Bacteria","Proteobacteria","Alphaproteobacteria","Caulobacterales","Caulobacteraceae","Brevundimonas"
"ASV554","Bacteria","Bacteroidota","Bacteroidia","Bacteroidales","Muribaculaceae",NA
"ASV555","Bacteria","Bacteroidota","Bacteroidia","Bacteroidales","Muribaculaceae",NA
"ASV556","Bacteria","Proteobacteria","Alphaproteobacteria","Acetobacterales","Acetobacteraceae","Roseomonas"
"ASV557","Bacteria","Cyanobacteria","Cyanobacteriia","Chloroplast",NA,NA
"ASV558","Bacteria","Firmicutes","Clostridia","Lachnospirales","Lachnospiraceae","Dorea"
"ASV559","Bacteria","Proteobacteria","Alphaproteobacteria","Rickettsiales","Mitochondria",NA
"ASV560","Bacteria","Actinobacteriota","Actinobacteria","Corynebacteriales","Nocardiaceae","Rhodococcus"
"ASV561","Bacteria","Actinobacteriota","Actinobacteria","Corynebacteriales","Corynebacteriaceae","Corynebacterium"
"ASV562","Bacteria","Proteobacteria","Alphaproteobacteria","Sphingomonadales","Sphingomonadaceae","Ellin6055"
"ASV563","Bacteria","Firmicutes","Bacilli","Lactobacillales","Streptococcaceae","Streptococcus"
"ASV564","Bacteria","Bacteroidota","Bacteroidia","Cytophagales","Hymenobacteraceae","Pontibacter"
"ASV565","Bacteria","Proteobacteria","Gammaproteobacteria","Pseudomonadales","Pseudomonadaceae","Pseudomonas"
"ASV566","Bacteria","Firmicutes","Clostridia","Lachnospirales","Lachnospiraceae","[Eubacterium] hallii group"
"ASV567","Bacteria","Firmicutes","Bacilli","Lactobacillales","Carnobacteriaceae","Atopostipes"
"ASV568","Bacteria","Proteobacteria","Gammaproteobacteria","Enterobacterales","Enterobacteriaceae","Citrobacter"
"ASV569","Bacteria","Firmicutes","Bacilli","Lactobacillales","Streptococcaceae","Lactococcus"
"ASV570","Bacteria","Proteobacteria","Alphaproteobacteria","Rhodobacterales","Rhodobacteraceae","Rubellimicrobium"
"ASV571","Bacteria","Firmicutes","Negativicutes","Veillonellales-Selenomonadales",NA,NA
"ASV572","Bacteria","Actinobacteriota","Actinobacteria","Micrococcales","Dermacoccaceae","Dermacoccus"
"ASV573","Bacteria","Firmicutes","Bacilli","Lactobacillales","Streptococcaceae","Streptococcus"
"ASV574","Bacteria","Fusobacteriota","Fusobacteriia","Fusobacteriales","Leptotrichiaceae","Oceanivirga"
"ASV575","Bacteria","Proteobacteria","Gammaproteobacteria","Burkholderiales","Comamonadaceae","Tepidimonas"
"ASV576","Bacteria",NA,NA,NA,NA,NA
"ASV577","Bacteria","Firmicutes","Bacilli","Staphylococcales","Staphylococcaceae","Staphylococcus"
"ASV578","Bacteria","Bacteroidota","Bacteroidia","Cytophagales","Hymenobacteraceae","Rufibacter"
"ASV579","Bacteria","Firmicutes","Bacilli","Lactobacillales","Lactobacillaceae","Lactobacillus"
"ASV580","Bacteria","Firmicutes","Bacilli","Lactobacillales","Streptococcaceae","Streptococcus"
"ASV581","Bacteria","Proteobacteria","Alphaproteobacteria","Azospirillales","Azospirillaceae","Niveispirillum"
"ASV582","Bacteria","Actinobacteriota","Actinobacteria","Corynebacteriales","Corynebacteriaceae","Corynebacterium"
"ASV583","Bacteria",NA,NA,NA,NA,NA
"ASV584","Bacteria","Chloroflexi","Chloroflexia","Chloroflexales","Chloroflexaceae",NA
"ASV585","Bacteria","Actinobacteriota","Actinobacteria","Corynebacteriales","Nocardiaceae","Gordonia"
"ASV586","Bacteria","Firmicutes","Clostridia","Peptostreptococcales-Tissierellales","Family XI","Parvimonas"
"ASV587","Bacteria","Firmicutes","Clostridia","Lachnospirales","Lachnospiraceae",NA
"ASV588","Bacteria","Bacteroidota","Bacteroidia","Bacteroidales","Prevotellaceae","Prevotella"
"ASV589","Bacteria","Proteobacteria","Gammaproteobacteria","Coxiellales","Coxiellaceae","Coxiella"
"ASV590","Bacteria","Actinobacteriota","Actinobacteria","Micrococcales","Micrococcaceae","Citricoccus"
"ASV591","Bacteria","Proteobacteria","Gammaproteobacteria","Burkholderiales","Neisseriaceae","Neisseria"
"ASV592","Bacteria","Firmicutes","Bacilli","Staphylococcales","Staphylococcaceae","Jeotgalicoccus"
"ASV593","Bacteria","Firmicutes","Bacilli","Lactobacillales","Streptococcaceae","Streptococcus"
"ASV594","Bacteria","Firmicutes","Clostridia","Oscillospirales","Ruminococcaceae","Fournierella"
"ASV595","Bacteria","Proteobacteria","Gammaproteobacteria","Burkholderiales","Comamonadaceae","Aquabacterium"
"ASV596","Bacteria","Bacteroidota","Bacteroidia","Bacteroidales","Porphyromonadaceae","Porphyromonas"
"ASV597","Bacteria","Firmicutes","Bacilli","Lactobacillales",NA,NA
"ASV598","Bacteria",NA,NA,NA,NA,NA
"ASV599","Bacteria","Proteobacteria","Alphaproteobacteria","Rhodobacterales","Rhodobacteraceae",NA
"ASV600","Bacteria","Firmicutes","Bacilli","Lactobacillales","Carnobacteriaceae","Atopostipes"
"ASV601","Bacteria","Firmicutes","Clostridia","Peptostreptococcales-Tissierellales","Family XI","Anaerococcus"
"ASV602","Bacteria","Actinobacteriota","Coriobacteriia","Coriobacteriales","Eggerthellaceae","CHKCI002"
"ASV603","Bacteria","Firmicutes","Bacilli","Staphylococcales","Staphylococcaceae","Staphylococcus"
"ASV604","Bacteria","Proteobacteria","Gammaproteobacteria","Enterobacterales","Enterobacteriaceae","Escherichia-Shigella"
"ASV605","Bacteria","Firmicutes","Bacilli","Lactobacillales","Carnobacteriaceae","Desemzia"
"ASV606","Bacteria","Bacteroidota","Bacteroidia","Bacteroidales","Muribaculaceae",NA
"ASV607","Bacteria","Fusobacteriota","Fusobacteriia","Fusobacteriales","Leptotrichiaceae","Leptotrichia"
"ASV608","Bacteria","Firmicutes","Bacilli","Lactobacillales","Streptococcaceae","Streptococcus"
"ASV609","Bacteria","Bacteroidota","Bacteroidia","Sphingobacteriales","Sphingobacteriaceae","Sphingobacterium"
"ASV610","Bacteria","Proteobacteria","Alphaproteobacteria","Sphingomonadales","Sphingomonadaceae","Sphingomonas"
"ASV611","Bacteria","Actinobacteriota","Actinobacteria","Micrococcales","Micrococcaceae","Kocuria"
"ASV612","Bacteria","Firmicutes","Clostridia","Oscillospirales","Ruminococcaceae","Ruminococcus"
"ASV613","Bacteria","Firmicutes","Bacilli","Lactobacillales","Carnobacteriaceae",NA
"ASV614","Bacteria","Actinobacteriota","Actinobacteria","Micrococcales","Bogoriellaceae","Georgenia"
"ASV615","Bacteria","Proteobacteria","Alphaproteobacteria","Rhizobiales","Rhizobiaceae",NA
"ASV616","Bacteria","Firmicutes","Clostridia","Oscillospirales","Hungateiclostridiaceae","Fastidiosipila"
"ASV617","Bacteria","Proteobacteria","Gammaproteobacteria","Burkholderiales","Oxalobacteraceae","Duganella"
"ASV618","Bacteria","Firmicutes","Bacilli","Lactobacillales","Carnobacteriaceae","Atopostipes"
"ASV619","Bacteria","Proteobacteria","Alphaproteobacteria","Rhodobacterales","Rhodobacteraceae","Tabrizicola"
"ASV620","Bacteria","Actinobacteriota","Actinobacteria","Corynebacteriales","Corynebacteriaceae","Corynebacterium"
"ASV621","Bacteria","Planctomycetota","Planctomycetes","Planctomycetales","Rubinisphaeraceae","SH-PL14"
"ASV622","Bacteria","Actinobacteriota","Actinobacteria","Propionibacteriales","Nocardioidaceae","Nocardioides"
"ASV623","Bacteria","Proteobacteria","Alphaproteobacteria","Acetobacterales","Acetobacteraceae","Craurococcus-Caldovatus"
"ASV624","Bacteria","Bacteroidota","Bacteroidia","Bacteroidales","Porphyromonadaceae","Porphyromonas"
"ASV625","Bacteria","Actinobacteriota","Actinobacteria","Corynebacteriales","Corynebacteriaceae","Corynebacterium"
"ASV626","Bacteria","Proteobacteria","Alphaproteobacteria","Rhizobiales","Xanthobacteraceae","Bradyrhizobium"
"ASV627","Bacteria","Actinobacteriota","Actinobacteria","Micrococcales","Brevibacteriaceae","Brevibacterium"
"ASV628","Bacteria",NA,NA,NA,NA,NA
"ASV629","Bacteria","Proteobacteria","Alphaproteobacteria","Sphingomonadales","Sphingomonadaceae","Sphingomonas"
"ASV630","Bacteria","Bacteroidota","Bacteroidia","Chitinophagales","Chitinophagaceae","Flaviaesturariibacter"
"ASV631","Bacteria","Firmicutes","Clostridia","Christensenellales","Christensenellaceae","Christensenellaceae R-7 group"
"ASV632","Bacteria","Firmicutes","Clostridia","Oscillospirales","Oscillospiraceae","NK4A214 group"
"ASV633","Bacteria","Bacteroidota","Bacteroidia","Sphingobacteriales","Lentimicrobiaceae","Lentimicrobium"
"ASV634","Bacteria","Bacteroidota","Bacteroidia","Flavobacteriales","Flavobacteriaceae","Capnocytophaga"
"ASV635","Bacteria","Firmicutes","Bacilli","Bacillales","Bacillaceae",NA
"ASV636","Bacteria","Actinobacteriota","Actinobacteria","Micrococcales","Cellulomonadaceae","Cellulomonas"
"ASV637","Bacteria","Bacteroidota","Bacteroidia","Sphingobacteriales","Sphingobacteriaceae","Mucilaginibacter"
"ASV638","Bacteria","Verrucomicrobiota","Verrucomicrobiae","Verrucomicrobiales","Rubritaleaceae","Luteolibacter"
"ASV639","Bacteria","Proteobacteria","Gammaproteobacteria","Pseudomonadales","Pseudomonadaceae",NA
"ASV640","Bacteria","Proteobacteria","Gammaproteobacteria","Pseudomonadales","Pseudomonadaceae","Pseudomonas"
"ASV641","Bacteria","Proteobacteria","Gammaproteobacteria","Pseudomonadales","Pseudomonadaceae","Pseudomonas"
"ASV642","Bacteria","Firmicutes","Clostridia","Peptostreptococcales-Tissierellales","Family XI","Ezakiella"
"ASV643","Bacteria","Proteobacteria","Gammaproteobacteria","Pseudomonadales","Moraxellaceae","Acinetobacter"
"ASV644","Bacteria","Bacteroidota","Bacteroidia","Bacteroidales","Rikenellaceae","Rikenellaceae RC9 gut group"
"ASV645","Bacteria","Proteobacteria","Gammaproteobacteria","Enterobacterales","Pasteurellaceae","Actinobacillus"
"ASV646","Bacteria","Proteobacteria","Gammaproteobacteria","Enterobacterales","Enterobacteriaceae","Klebsiella"
"ASV647","Bacteria","Firmicutes","Clostridia","Peptostreptococcales-Tissierellales","Family XI","Peptoniphilus"
"ASV648","Bacteria","Proteobacteria","Gammaproteobacteria","Burkholderiales","Comamonadaceae","Tepidimonas"
"ASV649","Bacteria","Proteobacteria","Gammaproteobacteria","Pseudomonadales","Halomonadaceae","Halomonas"
"ASV650","Bacteria","Actinobacteriota","Actinobacteria","Corynebacteriales","Corynebacteriaceae","Corynebacterium"
"ASV651","Bacteria","Fusobacteriota","Fusobacteriia","Fusobacteriales","Fusobacteriaceae","Fusobacterium"
"ASV652","Bacteria","Actinobacteriota","Actinobacteria","Actinomycetales","Actinomycetaceae","Actinomyces"
"ASV653","Bacteria","Firmicutes","Bacilli","Staphylococcales","Staphylococcaceae","Staphylococcus"
"ASV654","Bacteria","Firmicutes","Clostridia","Lachnospirales","Lachnospiraceae","Blautia"
"ASV655","Bacteria","Firmicutes","Clostridia","Peptostreptococcales-Tissierellales","Family XI","Murdochiella"
"ASV656","Bacteria","Nitrospirota","Nitrospiria","Nitrospirales","Nitrospiraceae","Nitrospira"
"ASV657","Bacteria","Proteobacteria","Gammaproteobacteria","Pseudomonadales","Moraxellaceae","Enhydrobacter"
"ASV658","Bacteria","Actinobacteriota","Actinobacteria","Micrococcales","Dermacoccaceae","Dermacoccus"
"ASV659","Bacteria","Proteobacteria","Alphaproteobacteria","Sphingomonadales","Sphingomonadaceae","Sphingomonas"
"ASV660","Bacteria",NA,NA,NA,NA,NA
"ASV661","Bacteria","Firmicutes","Clostridia","Peptostreptococcales-Tissierellales","Peptostreptococcaceae","Intestinibacter"
"ASV662","Bacteria","Bacteroidota","Bacteroidia","Bacteroidales","Bacteroidales RF16 group",NA
"ASV663","Bacteria","Bacteroidota","Bacteroidia","Chitinophagales","Chitinophagaceae","Flavisolibacter"
"ASV664","Bacteria","Proteobacteria","Gammaproteobacteria","Burkholderiales","Comamonadaceae","Comamonas"
"ASV665","Bacteria","Firmicutes","Clostridia","Lachnospirales","Defluviitaleaceae","Defluviitaleaceae UCG-011"
"ASV666","Bacteria","Firmicutes","Bacilli","Staphylococcales","Staphylococcaceae","Jeotgalicoccus"
"ASV667","Bacteria",NA,NA,NA,NA,NA
"ASV668","Bacteria","Firmicutes","Bacilli","Lactobacillales","Carnobacteriaceae","Atopostipes"
"ASV669","Bacteria","Firmicutes","Negativicutes","Veillonellales-Selenomonadales","Selenomonadaceae","Selenomonas"
"ASV670","Bacteria","Proteobacteria","Gammaproteobacteria","Burkholderiales","Burkholderiaceae","Ralstonia"
"ASV671","Bacteria","Proteobacteria","Gammaproteobacteria","Pseudomonadales","Pseudomonadaceae","Pseudomonas"
"ASV672","Bacteria","Firmicutes","Bacilli","Bacillales","Sporolactobacillaceae","Sporolactobacillus"
"ASV673","Bacteria","Proteobacteria","Gammaproteobacteria","Pseudomonadales","Pseudomonadaceae","Pseudomonas"
"ASV674","Bacteria","Actinobacteriota","Actinobacteria","Corynebacteriales","Corynebacteriaceae","Corynebacterium"
"ASV675","Bacteria","Proteobacteria","Alphaproteobacteria","Rhodobacterales","Rhodobacteraceae","Rubellimicrobium"
"ASV676","Bacteria","Proteobacteria","Alphaproteobacteria","Sphingomonadales","Sphingomonadaceae","Sphingomonas"
"ASV677","Bacteria","Actinobacteriota","Actinobacteria","Micrococcales","Micrococcaceae","Kocuria"
"ASV678","Bacteria","Actinobacteriota","Actinobacteria","Pseudonocardiales","Pseudonocardiaceae","Pseudonocardia"
"ASV679","Bacteria","Firmicutes","Clostridia","Peptostreptococcales-Tissierellales","Family XI","Peptoniphilus"
"ASV680","Bacteria","Actinobacteriota","Actinobacteria","Kineosporiales","Kineosporiaceae","Quadrisphaera"
"ASV681","Bacteria","Proteobacteria","Alphaproteobacteria","Sphingomonadales","Sphingomonadaceae",NA
"ASV682","Bacteria","Bacteroidota","Bacteroidia","Bacteroidales","Tannerellaceae","Tannerella"
"ASV683","Bacteria","Firmicutes","Bacilli","Lactobacillales","Streptococcaceae","Streptococcus"
"ASV684","Bacteria","Firmicutes","Bacilli","Lactobacillales","Carnobacteriaceae","Atopococcus"
"ASV685","Bacteria","Firmicutes","Clostridia","Oscillospirales","Hungateiclostridiaceae","Mageeibacillus"
"ASV686","Bacteria","Firmicutes","Bacilli","Bacillales","Bacillaceae","Bacillus"
"ASV687","Bacteria","Firmicutes","Clostridia","Peptostreptococcales-Tissierellales","Family XI","Peptoniphilus"
"ASV688","Bacteria","Proteobacteria","Gammaproteobacteria","Enterobacterales","Pasteurellaceae","Mannheimia"
"ASV689","Bacteria","Bacteroidota","Bacteroidia","Bacteroidales","Prevotellaceae","Prevotella_7"
"ASV690","Bacteria","Proteobacteria","Gammaproteobacteria","Burkholderiales","Alcaligenaceae","Castellaniella"
"ASV691","Bacteria","Firmicutes","Bacilli","Lactobacillales","Streptococcaceae","Streptococcus"
"ASV692","Bacteria","Firmicutes","Bacilli","Lactobacillales","Streptococcaceae","Streptococcus"
"ASV693","Bacteria","Actinobacteriota","Actinobacteria","Pseudonocardiales","Pseudonocardiaceae","Pseudonocardia"
"ASV694","Bacteria","Actinobacteriota","Coriobacteriia","Coriobacteriales","Atopobiaceae","Atopobium"
"ASV695","Bacteria","Firmicutes","Bacilli","Bacillales","Sporolactobacillaceae",NA
"ASV696","Bacteria","Firmicutes","Clostridia","Peptostreptococcales-Tissierellales","Family XI","Parvimonas"
"ASV697","Bacteria","Bacteroidota","Bacteroidia","Flavobacteriales","Weeksellaceae","Bergeyella"
"ASV698","Bacteria","Actinobacteriota","Actinobacteria","Bifidobacteriales","Bifidobacteriaceae","Gardnerella"
"ASV699","Bacteria","Bacteroidota","Bacteroidia","Bacteroidales","Prevotellaceae","Prevotella"
"ASV700","Bacteria","Bacteroidota","Bacteroidia","Bacteroidales","Prevotellaceae","Prevotella"
"ASV701","Bacteria","Actinobacteriota","Actinobacteria","Frankiales","Geodermatophilaceae","Blastococcus"
"ASV702","Bacteria","Actinobacteriota","Actinobacteria","Corynebacteriales","Corynebacteriaceae","Corynebacterium"
"ASV703","Bacteria","Firmicutes","Bacilli","Staphylococcales","Staphylococcaceae","Staphylococcus"
"ASV704","Bacteria","Bacteroidota","Bacteroidia","Bacteroidales","Tannerellaceae","Tannerella"
"ASV705","Bacteria","Actinobacteriota","Actinobacteria","Propionibacteriales","Nocardioidaceae","Marmoricola"
"ASV706","Bacteria","Actinobacteriota","Actinobacteria","Propionibacteriales","Nocardioidaceae","Nocardioides"
"ASV707","Bacteria","Firmicutes","Bacilli","Lactobacillales","Streptococcaceae","Lactococcus"
"ASV708","Bacteria","Firmicutes","Clostridia","Peptostreptococcales-Tissierellales","Family XI","Parvimonas"
"ASV709","Bacteria","Actinobacteriota","Actinobacteria","Micrococcales","Bogoriellaceae","Georgenia"
"ASV710","Bacteria","Firmicutes","Bacilli","Lactobacillales","Carnobacteriaceae","Granulicatella"
"ASV711","Bacteria","Bacteroidota","Bacteroidia","Bacteroidales","Prevotellaceae","Prevotella_7"
"ASV712","Bacteria","Proteobacteria","Alphaproteobacteria","Sphingomonadales","Sphingomonadaceae","Sphingomonas"
"ASV713","Bacteria","Proteobacteria","Gammaproteobacteria","Pseudomonadales","Pseudomonadaceae","Pseudomonas"
"ASV714","Bacteria","Firmicutes","Bacilli","Lactobacillales",NA,NA
"ASV715","Bacteria","Firmicutes","Bacilli","Bacillales","Bacillaceae","Virgibacillus"
"ASV716","Bacteria",NA,NA,NA,NA,NA
"ASV717","Bacteria","Bacteroidota","Bacteroidia","Flavobacteriales","Weeksellaceae","Bergeyella"
"ASV718","Bacteria","Actinobacteriota","Actinobacteria","Pseudonocardiales","Pseudonocardiaceae","Pseudonocardia"
"ASV719","Bacteria","Campylobacterota","Campylobacteria","Campylobacterales","Arcobacteraceae","Pseudarcobacter"
"ASV720","Bacteria","Actinobacteriota","Thermoleophilia","Solirubrobacterales","67-14",NA
"ASV721","Bacteria","Firmicutes","Bacilli","Bacillales","Bacillaceae","Anoxybacillus"
"ASV722","Bacteria","Proteobacteria","Gammaproteobacteria","Burkholderiales","Neisseriaceae",NA
"ASV723","Bacteria","Firmicutes","Clostridia","Peptostreptococcales-Tissierellales","Family XI","Gallicola"
"ASV724","Bacteria","Actinobacteriota","Coriobacteriia","Coriobacteriales","Atopobiaceae","Atopobium"
"ASV725","Bacteria","Proteobacteria","Alphaproteobacteria","Sphingomonadales","Sphingomonadaceae","Altererythrobacter"
"ASV726","Bacteria","Firmicutes","Bacilli","Lactobacillales","Lactobacillaceae","Lactobacillus"
"ASV727","Bacteria","Proteobacteria","Gammaproteobacteria","Pseudomonadales","Moraxellaceae","Enhydrobacter"
"ASV728","Bacteria","Firmicutes","Bacilli","Lactobacillales","Aerococcaceae","Aerosphaera"
"ASV729","Bacteria","Proteobacteria","Alphaproteobacteria","Rhizobiales","Rhizobiaceae","Allorhizobium-Neorhizobium-Pararhizobium-Rhizobium"
"ASV730","Bacteria","Firmicutes","Bacilli","Lactobacillales","Lactobacillaceae","Lactobacillus"
"ASV731","Bacteria","Bdellovibrionota","Bdellovibrionia","Bdellovibrionales","Bdellovibrionaceae","Bdellovibrio"
"ASV732","Bacteria","Bacteroidota","Bacteroidia","Sphingobacteriales","Sphingobacteriaceae","Sphingobacterium"
"ASV733","Bacteria","Firmicutes","Bacilli","Lactobacillales","Carnobacteriaceae","Atopostipes"
"ASV734","Bacteria","Firmicutes","Clostridia","Clostridia UCG-014",NA,NA
"ASV735","Bacteria","Bacteroidota","Bacteroidia","Cytophagales","Hymenobacteraceae","Hymenobacter"
"ASV736","Bacteria","Firmicutes","Bacilli","Lactobacillales","Lactobacillaceae","HT002"
"ASV737","Bacteria","Proteobacteria","Alphaproteobacteria","Rickettsiales","Mitochondria",NA
"ASV738","Bacteria","Proteobacteria","Alphaproteobacteria","Caulobacterales","Caulobacteraceae","Brevundimonas"
"ASV739","Bacteria","Proteobacteria","Alphaproteobacteria","Sphingomonadales","Sphingomonadaceae","Sphingomonas"
"ASV740","Bacteria","Actinobacteriota","Actinobacteria","Micromonosporales","Micromonosporaceae","Micromonospora"
"ASV741","Bacteria","Deinococcota","Deinococci","Thermales","Thermaceae","Meiothermus"
"ASV742","Bacteria","Firmicutes","Bacilli","Lactobacillales",NA,NA
"ASV743","Bacteria","Fusobacteriota","Fusobacteriia","Fusobacteriales","Leptotrichiaceae","Oceanivirga"
"ASV744","Bacteria","Proteobacteria","Gammaproteobacteria","Burkholderiales","Comamonadaceae","Limnohabitans"
"ASV745","Bacteria",NA,NA,NA,NA,NA
"ASV746","Bacteria","Firmicutes","Bacilli","Staphylococcales","Staphylococcaceae","Staphylococcus"
"ASV747","Bacteria","Bacteroidota","Bacteroidia","Bacteroidales","Prevotellaceae","Alloprevotella"
"ASV748","Bacteria","Firmicutes","Bacilli","Lactobacillales","Aerococcaceae","Aerosphaera"
"ASV749","Bacteria","Firmicutes","Negativicutes","Veillonellales-Selenomonadales","Veillonellaceae","Dialister"
"ASV750","Bacteria","Firmicutes","Clostridia","Peptostreptococcales-Tissierellales","Family XI","Peptoniphilus"
"ASV751","Bacteria","Actinobacteriota","Actinobacteria","Micrococcales","Micrococcaceae","Micrococcus"
"ASV752","Bacteria","Cyanobacteria","Cyanobacteriia","Chloroplast",NA,NA
"ASV753","Bacteria","Proteobacteria","Gammaproteobacteria","Enterobacterales","Pasteurellaceae","Haemophilus"
"ASV754","Bacteria","Proteobacteria","Gammaproteobacteria","Enterobacterales","Aeromonadaceae","Aeromonas"
"ASV755","Bacteria","Actinobacteriota","Actinobacteria","Micrococcales","Micrococcaceae","Micrococcus"
"ASV756","Bacteria","Planctomycetota","Planctomycetes","Isosphaerales","Isosphaeraceae","Paludisphaera"
"ASV757","Bacteria","Actinobacteriota","Actinobacteria","Micrococcales","Micrococcaceae",NA
"ASV758","Bacteria",NA,NA,NA,NA,NA
"ASV759","Bacteria","Proteobacteria","Gammaproteobacteria","Xanthomonadales","Xanthomonadaceae","Luteimonas"
"ASV760","Bacteria","Campylobacterota","Campylobacteria","Campylobacterales","Campylobacteraceae","Campylobacter"
"ASV761","Bacteria","Firmicutes","Clostridia","Peptostreptococcales-Tissierellales","Family XI","Peptoniphilus"
"ASV762","Bacteria","Proteobacteria","Gammaproteobacteria","Pseudomonadales","Halomonadaceae","Halomonas"
"ASV763","Bacteria","Firmicutes","Bacilli","Erysipelotrichales","Erysipelotrichaceae","Erysipelothrix"
"ASV764","Bacteria","Proteobacteria","Gammaproteobacteria","Pseudomonadales","Pseudomonadaceae","Pseudomonas"
"ASV765","Bacteria","Proteobacteria","Gammaproteobacteria","Burkholderiales","Hydrogenophilaceae","Tepidiphilus"
"ASV766","Bacteria","Proteobacteria","Gammaproteobacteria","Burkholderiales","Burkholderiaceae","Burkholderia-Caballeronia-Paraburkholderia"
"ASV767","Bacteria","Proteobacteria","Alphaproteobacteria","Sphingomonadales","Sphingomonadaceae","Ellin6055"
"ASV768","Bacteria","Firmicutes","Clostridia","Peptostreptococcales-Tissierellales","Family XI","Anaerococcus"
"ASV769","Bacteria","Firmicutes","Bacilli","Lactobacillales","Lactobacillaceae","Lactobacillus"
"ASV770","Bacteria","Proteobacteria","Gammaproteobacteria","Burkholderiales","Neisseriaceae","Simonsiella"
"ASV771","Bacteria","Chloroflexi","Chloroflexia","Thermobaculales","Thermobaculaceae","Thermobaculum"
"ASV772","Bacteria","Firmicutes","Clostridia","Oscillospirales","Oscillospiraceae","UCG-005"
"ASV773","Bacteria","Proteobacteria","Alphaproteobacteria","Rhizobiales","Beijerinckiaceae","Microvirga"
"ASV774","Bacteria","Firmicutes","Bacilli","Lactobacillales","Streptococcaceae","Streptococcus"
"ASV775","Bacteria","Firmicutes","Bacilli","Bacillales","Bacillaceae","Pseudogracilibacillus"
"ASV776","Bacteria","Deinococcota","Deinococci","Deinococcales","Deinococcaceae","Deinococcus"
"ASV777","Bacteria","Proteobacteria","Gammaproteobacteria","Burkholderiales","Rhodocyclaceae","Niveibacterium"
"ASV778","Bacteria","Firmicutes","Negativicutes","Veillonellales-Selenomonadales","Veillonellaceae","Veillonella"
"ASV779","Bacteria","Actinobacteriota","Actinobacteria","Frankiales",NA,NA
"ASV780","Bacteria","Actinobacteriota","Actinobacteria","Micrococcales","Brevibacteriaceae","Brevibacterium"
"ASV781","Bacteria","Bacteroidota","Bacteroidia","Bacteroidales","Porphyromonadaceae","Porphyromonas"
"ASV782","Bacteria","Proteobacteria","Alphaproteobacteria","Rhizobiales","Beijerinckiaceae","Methylobacterium-Methylorubrum"
"ASV783","Bacteria","Firmicutes","Bacilli","Lactobacillales","Streptococcaceae","Streptococcus"
"ASV784","Bacteria","Firmicutes","Bacilli","Lactobacillales","Carnobacteriaceae","Atopostipes"
"ASV785","Bacteria","Firmicutes","Clostridia","Oscillospirales","Hungateiclostridiaceae","Ruminiclostridium"
"ASV786","Bacteria","Firmicutes","Bacilli","Lactobacillales","Streptococcaceae","Streptococcus"
"ASV787","Bacteria","Firmicutes","Negativicutes","Veillonellales-Selenomonadales","Selenomonadaceae","Selenomonas"
"ASV788","Bacteria","Firmicutes","Clostridia","Peptostreptococcales-Tissierellales","Family XI","Fenollaria"
"ASV789","Bacteria","Bacteroidota","Bacteroidia","Sphingobacteriales","AKYH767",NA
"ASV790","Bacteria","Fusobacteriota","Fusobacteriia","Fusobacteriales","Leptotrichiaceae","Leptotrichia"
"ASV791","Bacteria","Actinobacteriota","Actinobacteria","Micrococcales","Micrococcaceae","Glutamicibacter"
"ASV792","Bacteria","Proteobacteria","Alphaproteobacteria","Sphingomonadales","Sphingomonadaceae","Novosphingobium"
"ASV793","Bacteria","Proteobacteria","Alphaproteobacteria","Rhodobacterales","Rhodobacteraceae","Amaricoccus"
"ASV794","Bacteria","Chloroflexi","Anaerolineae","Ardenticatenales","Ardenticatenaceae",NA
"ASV795","Bacteria","Firmicutes","Bacilli","Paenibacillales","Paenibacillaceae","Paenibacillus"
"ASV796","Bacteria","Firmicutes","Bacilli","Bacillales","Bacillaceae","Geobacillus"
"ASV797","Bacteria","Proteobacteria","Gammaproteobacteria","Pseudomonadales","Moraxellaceae","Enhydrobacter"
"ASV798","Bacteria","Bacteroidota","Bacteroidia","Bacteroidales","Porphyromonadaceae","Porphyromonas"
"ASV799","Bacteria","Bacteroidota","Bacteroidia","Bacteroidales","Prevotellaceae","Prevotella_7"
"ASV800","Bacteria","Actinobacteriota","Actinobacteria","Micrococcales","Micrococcaceae","Kocuria"
"ASV801","Bacteria","Gemmatimonadota","Longimicrobia","Longimicrobiales","Longimicrobiaceae","Longimicrobium"
"ASV802","Bacteria","Cyanobacteria","Cyanobacteriia","Chloroplast",NA,NA
"ASV803","Bacteria","Proteobacteria","Gammaproteobacteria","Enterobacterales","Pasteurellaceae","Haemophilus"
"ASV804","Bacteria","Proteobacteria","Gammaproteobacteria","Ectothiorhodospirales","Thioalkalispiraceae",NA
"ASV805","Bacteria","Firmicutes","Clostridia","Peptostreptococcales-Tissierellales","Family XI","Anaerococcus"
"ASV806","Bacteria","Firmicutes","Bacilli","Bacillales","Planococcaceae","Kurthia"
"ASV807","Bacteria","Bacteroidota","Bacteroidia","Flavobacteriales","Flavobacteriaceae","Capnocytophaga"
"ASV808","Bacteria","Proteobacteria","Alphaproteobacteria","Rhodobacterales","Rhodobacteraceae","Paracoccus"
"ASV809","Bacteria","Firmicutes","Bacilli","Bacillales","Bacillaceae","Aeribacillus"
"ASV810","Bacteria","Firmicutes","Negativicutes","Veillonellales-Selenomonadales","Veillonellaceae","Veillonella"
"ASV811","Bacteria","Firmicutes","Clostridia","Peptostreptococcales-Tissierellales","Family XI","Helcococcus"
"ASV812","Bacteria","Firmicutes","Clostridia","Peptostreptococcales-Tissierellales","Family XI","Peptoniphilus"
"ASV813","Bacteria",NA,NA,NA,NA,NA
"ASV814","Bacteria","Fusobacteriota","Fusobacteriia","Fusobacteriales","Leptotrichiaceae","Leptotrichia"
"ASV815","Bacteria","Proteobacteria","Gammaproteobacteria","Burkholderiales","Burkholderiaceae","Burkholderia-Caballeronia-Paraburkholderia"
"ASV816","Bacteria","Campylobacterota","Campylobacteria","Campylobacterales","Campylobacteraceae","Campylobacter"
"ASV817","Bacteria","Proteobacteria","Alphaproteobacteria","Rickettsiales","Mitochondria",NA
"ASV818","Bacteria","Proteobacteria","Gammaproteobacteria","Burkholderiales","Burkholderiaceae","Burkholderia-Caballeronia-Paraburkholderia"
"ASV819","Bacteria","Proteobacteria","Gammaproteobacteria","Enterobacterales","Pasteurellaceae",NA
"ASV820","Bacteria","Proteobacteria","Alphaproteobacteria","Rhodobacterales","Rhodobacteraceae",NA
"ASV821","Bacteria","Firmicutes","Negativicutes","Veillonellales-Selenomonadales","Veillonellaceae","Veillonella"
"ASV822","Bacteria","Firmicutes","Negativicutes","Veillonellales-Selenomonadales","Veillonellaceae","Veillonella"
"ASV823","Bacteria","Actinobacteriota","Actinobacteria","Micrococcales","Micrococcaceae","Kocuria"
"ASV824","Bacteria","Proteobacteria","Gammaproteobacteria","Burkholderiales","Rhodocyclaceae","Thauera"
"ASV825","Bacteria","Firmicutes","Negativicutes","Veillonellales-Selenomonadales","Veillonellaceae",NA
"ASV826","Bacteria","Actinobacteriota","Actinobacteria","Actinomycetales","Actinomycetaceae","Actinomyces"
"ASV827","Bacteria",NA,NA,NA,NA,NA
"ASV828","Bacteria","Firmicutes","Bacilli","Lactobacillales","Streptococcaceae","Streptococcus"
"ASV829","Bacteria","Firmicutes","Clostridia","Peptostreptococcales-Tissierellales","Family XI","Anaerococcus"
"ASV830","Bacteria","Fusobacteriota","Fusobacteriia","Fusobacteriales","Fusobacteriaceae","Fusobacterium"
"ASV831","Bacteria","Firmicutes","Bacilli","Lactobacillales","Streptococcaceae","Streptococcus"
"ASV832","Bacteria","Actinobacteriota","Actinobacteria","Propionibacteriales","Nocardioidaceae","Nocardioides"
"ASV833","Bacteria","Proteobacteria","Gammaproteobacteria","Burkholderiales","Burkholderiaceae","Burkholderia-Caballeronia-Paraburkholderia"
"ASV834","Bacteria","Actinobacteriota","Actinobacteria","Micrococcales","Dermabacteraceae","Brachybacterium"
"ASV835","Bacteria","Firmicutes","Bacilli","Staphylococcales","Staphylococcaceae","Staphylococcus"
"ASV836","Bacteria","Actinobacteriota","Actinobacteria","Frankiales","Geodermatophilaceae","Blastococcus"
"ASV837","Bacteria","Actinobacteriota","Actinobacteria","Corynebacteriales","Corynebacteriaceae","Corynebacterium"
"ASV838","Bacteria","Actinobacteriota","Coriobacteriia","Coriobacteriales","Atopobiaceae","Atopobium"
"ASV839","Bacteria","Bacteroidota","Bacteroidia","Bacteroidales","Bacteroidaceae","Bacteroides"
"ASV840","Bacteria","Actinobacteriota","Actinobacteria","Bifidobacteriales","Bifidobacteriaceae","Bifidobacterium"
"ASV841","Bacteria","Proteobacteria","Gammaproteobacteria","Burkholderiales","Comamonadaceae","Brachymonas"
"ASV842","Bacteria","Firmicutes","Clostridia","Lachnospirales","Lachnospiraceae","Howardella"
"ASV843","Bacteria","Proteobacteria","Gammaproteobacteria","Burkholderiales","Comamonadaceae","Leptothrix"
"ASV844","Bacteria","Firmicutes","Bacilli","Lactobacillales","Streptococcaceae","Streptococcus"
"ASV845","Bacteria","Proteobacteria","Alphaproteobacteria","Rhizobiales","D05-2",NA
"ASV846","Bacteria","Actinobacteriota","Actinobacteria","Micrococcales","Intrasporangiaceae","Serinicoccus"
"ASV847","Bacteria","Proteobacteria","Gammaproteobacteria","Legionellales","Legionellaceae","Legionella"
"ASV848","Bacteria","Bacteroidota","Bacteroidia","Bacteroidales","Muribaculaceae",NA
"ASV849","Bacteria","Deinococcota","Deinococci","Deinococcales","Deinococcaceae","Deinococcus"
"ASV850","Bacteria","Actinobacteriota","Actinobacteria","Micrococcales","Micrococcaceae","Kocuria"
"ASV851","Bacteria","Bacteroidota","Bacteroidia","Bacteroidales","Muribaculaceae",NA
"ASV852","Bacteria","Bacteroidota","Bacteroidia","Bacteroidales","Porphyromonadaceae","Porphyromonas"
"ASV853","Bacteria","Bacteroidota","Bacteroidia","Bacteroidales","Muribaculaceae",NA
"ASV854","Bacteria","Firmicutes","Clostridia","Peptostreptococcales-Tissierellales","Family XI","Anaerococcus"
"ASV855","Bacteria","Bacteroidota","Bacteroidia","Cytophagales","Hymenobacteraceae","Pontibacter"
"ASV856","Bacteria","Firmicutes","Bacilli","Staphylococcales","Staphylococcaceae","Staphylococcus"
"ASV857","Bacteria","Proteobacteria","Alphaproteobacteria","Rhodobacterales","Rhodobacteraceae",NA
"ASV858","Bacteria","Firmicutes","Bacilli","Lactobacillales","Streptococcaceae","Streptococcus"
"ASV859","Bacteria","Firmicutes","Bacilli","Mycoplasmatales","Mycoplasmataceae","Candidatus Bacilloplasma"
"ASV860","Bacteria","Firmicutes","Bacilli","Lactobacillales","Lactobacillaceae","Lactobacillus"
"ASV861","Bacteria","Proteobacteria","Alphaproteobacteria","Caulobacterales","Caulobacteraceae","Brevundimonas"
"ASV862","Bacteria","Bacteroidota","Bacteroidia","Flavobacteriales","Flavobacteriaceae","Algitalea"
"ASV863","Bacteria","Bacteroidota","Bacteroidia","Bacteroidales","Muribaculaceae",NA
"ASV864","Bacteria","Deinococcota","Deinococci","Deinococcales","Trueperaceae","Truepera"
"ASV865","Bacteria","Firmicutes","Clostridia","Lachnospirales","Lachnospiraceae","Moryella"
"ASV866","Bacteria","Proteobacteria","Gammaproteobacteria","Burkholderiales","Comamonadaceae","Tepidimonas"
"ASV867","Bacteria","Proteobacteria","Gammaproteobacteria","Xanthomonadales","Xanthomonadaceae","Stenotrophomonas"
"ASV868","Bacteria","Proteobacteria","Alphaproteobacteria","Rickettsiales","Mitochondria",NA
"ASV869","Bacteria","Bacteroidota","Bacteroidia","Bacteroidales","Prevotellaceae","Prevotella_7"
"ASV870","Bacteria","Bacteroidota","Bacteroidia","Cytophagales","Cytophagaceae","Rhodocytophaga"
"ASV871","Bacteria","Proteobacteria","Alphaproteobacteria","Rhodobacterales","Rhodobacteraceae","Thioclava"
"ASV872","Bacteria","Firmicutes","Clostridia","Oscillospirales","Hungateiclostridiaceae","Saccharofermentans"
"ASV873","Bacteria","Proteobacteria","Alphaproteobacteria","Caulobacterales","Caulobacteraceae","Caulobacter"
"ASV874","Bacteria","Proteobacteria","Gammaproteobacteria","Pseudomonadales","Moraxellaceae","Enhydrobacter"
"ASV875","Bacteria","Firmicutes","Clostridia","Peptostreptococcales-Tissierellales","Family XI","Peptoniphilus"
"ASV876","Bacteria","Actinobacteriota","Coriobacteriia","Coriobacteriales","Atopobiaceae","Atopobium"
"ASV877","Bacteria","Firmicutes","Clostridia","Oscillospirales","Ruminococcaceae",NA
"ASV878","Bacteria","Bacteroidota","Bacteroidia","Flavobacteriales","Weeksellaceae","Bergeyella"
"ASV879","Bacteria","Proteobacteria","Alphaproteobacteria","Sphingomonadales","Sphingomonadaceae","Sphingomonas"
"ASV880","Bacteria","Actinobacteriota","Coriobacteriia","Coriobacteriales","Eggerthellaceae","DNF00809"
"ASV881","Bacteria","Proteobacteria","Alphaproteobacteria","Rhizobiales","Rhizobiaceae","Aureimonas"
"ASV882","Bacteria","Cyanobacteria","Cyanobacteriia","Chloroplast",NA,NA
"ASV883","Bacteria","Deinococcota","Deinococci","Thermales","Thermaceae","Thermus"
"ASV884","Bacteria","Proteobacteria","Gammaproteobacteria","Pseudomonadales","Pseudomonadaceae",NA
"ASV885","Bacteria","Firmicutes","Bacilli","Lactobacillales","Streptococcaceae","Streptococcus"
"ASV886","Bacteria","Proteobacteria","Alphaproteobacteria","Sphingomonadales","Sphingomonadaceae","Novosphingobium"
"ASV887","Bacteria","Firmicutes","Bacilli","Staphylococcales","Staphylococcaceae","Staphylococcus"
"ASV888","Bacteria","Bacteroidota","Bacteroidia","Bacteroidales","Prevotellaceae","Prevotella"
"ASV889","Bacteria","Firmicutes","Bacilli","Bacillales","Bacillaceae",NA
"ASV890","Bacteria","Cyanobacteria","Cyanobacteriia","Chloroplast",NA,NA
"ASV891","Bacteria","Firmicutes","Bacilli","Bacillales","Bacillaceae","Bacillus"
"ASV892","Bacteria","Bacteroidota","Bacteroidia","Bacteroidales","Prevotellaceae","Prevotella"
"ASV893","Bacteria","Bacteroidota","Bacteroidia","Bacteroidales","Muribaculaceae",NA
"ASV894","Bacteria","Actinobacteriota","Actinobacteria","Propionibacteriales","Nocardioidaceae","Marmoricola"
"ASV895","Bacteria","Cyanobacteria","Cyanobacteriia","Cyanobacteriales","Nostocaceae","Scytonema UTEX 2349"
"ASV896","Bacteria","Proteobacteria","Gammaproteobacteria","Xanthomonadales","Xanthomonadaceae","Lysobacter"
"ASV897","Bacteria","Firmicutes","Bacilli","Lactobacillales","Lactobacillaceae","Lactobacillus"
"ASV898","Bacteria","Bacteroidota","Bacteroidia","Flavobacteriales","Flavobacteriaceae","Capnocytophaga"
"ASV899","Bacteria","Proteobacteria","Gammaproteobacteria","Burkholderiales","Rhodocyclaceae","Thauera"
"ASV900","Bacteria","Firmicutes","Clostridia","Peptostreptococcales-Tissierellales","Family XI","Anaerococcus"
"ASV901","Bacteria","Actinobacteriota","Actinobacteria","Corynebacteriales","Corynebacteriaceae","Corynebacterium"
"ASV902","Bacteria","Spirochaetota","Spirochaetia","Spirochaetales","Spirochaetaceae","Treponema"
"ASV903","Bacteria","Actinobacteriota","Coriobacteriia","Coriobacteriales","Atopobiaceae","Olsenella"
"ASV904","Bacteria","Proteobacteria","Gammaproteobacteria","Burkholderiales","Comamonadaceae",NA
"ASV905","Bacteria","Actinobacteriota","Actinobacteria","Corynebacteriales","Corynebacteriaceae","Lawsonella"
"ASV906","Bacteria","Firmicutes","Bacilli","Lactobacillales","Carnobacteriaceae","Atopostipes"
"ASV907","Bacteria","Firmicutes","Clostridia","Peptostreptococcales-Tissierellales","Anaerovoracaceae","Mogibacterium"
"ASV908","Bacteria","Firmicutes","Bacilli","Paenibacillales","Paenibacillaceae","Paenibacillus"
"ASV909","Bacteria","Firmicutes","Bacilli","Staphylococcales","Staphylococcaceae","Staphylococcus"
"ASV910","Bacteria","Proteobacteria","Alphaproteobacteria","Sphingomonadales","Sphingomonadaceae","Sphingomonas"
"ASV911","Bacteria","Proteobacteria","Alphaproteobacteria","Sphingomonadales","Sphingomonadaceae","Sphingomonas"
"ASV912","Bacteria","Actinobacteriota","Actinobacteria","Corynebacteriales","Corynebacteriaceae","Corynebacterium"
"ASV913","Bacteria","Proteobacteria","Gammaproteobacteria","Xanthomonadales","Xanthomonadaceae","Stenotrophomonas"
"ASV914","Bacteria","Firmicutes","Bacilli","Bacillales","Bacillaceae",NA
"ASV915","Bacteria","Bacteroidota","Bacteroidia","Bacteroidales","Prevotellaceae","Prevotella_7"
"ASV916","Bacteria","Proteobacteria","Alphaproteobacteria","Rhodobacterales","Rhodobacteraceae","Paracoccus"
"ASV917","Bacteria","Proteobacteria","Gammaproteobacteria","Burkholderiales","Comamonadaceae",NA
"ASV918","Bacteria","Proteobacteria","Alphaproteobacteria","Rhizobiales","Devosiaceae","Devosia"
"ASV919","Bacteria","Patescibacteria","Gracilibacteria","Absconditabacteriales (SR1)",NA,NA
"ASV920","Bacteria","Proteobacteria","Gammaproteobacteria","Pseudomonadales","Pseudomonadaceae","Pseudomonas"
"ASV921","Bacteria","Firmicutes","Clostridia","Peptostreptococcales-Tissierellales","Family XI","Gallicola"
"ASV922","Bacteria","Proteobacteria","Alphaproteobacteria","Rhizobiales","Rhizobiaceae","Allorhizobium-Neorhizobium-Pararhizobium-Rhizobium"
"ASV923","Bacteria","Gemmatimonadota","Longimicrobia","Longimicrobiales","Longimicrobiaceae",NA
"ASV924","Bacteria","Firmicutes","Bacilli","Lactobacillales","Lactobacillaceae","Lactobacillus"
"ASV925","Bacteria","Firmicutes","Bacilli","Staphylococcales","Staphylococcaceae","Staphylococcus"
"ASV926","Bacteria","Bacteroidota","Bacteroidia","Bacteroidales","Prevotellaceae","Prevotella_7"
"ASV927","Bacteria","Proteobacteria","Alphaproteobacteria","Rickettsiales","Mitochondria",NA
"ASV928","Bacteria","Firmicutes","Negativicutes","Veillonellales-Selenomonadales","Selenomonadaceae","Selenomonas"
"ASV929","Bacteria","Firmicutes","Clostridia","Peptostreptococcales-Tissierellales","Anaerovoracaceae","[Eubacterium] brachy group"
"ASV930","Bacteria","Proteobacteria","Alphaproteobacteria","Rickettsiales","Mitochondria",NA
"ASV931","Bacteria","Firmicutes","Clostridia","Lachnospirales","Lachnospiraceae",NA
"ASV932","Bacteria",NA,NA,NA,NA,NA
"ASV933","Bacteria","Proteobacteria","Alphaproteobacteria","Rickettsiales","Mitochondria",NA
"ASV934","Bacteria","Firmicutes","Clostridia","Oscillospirales","Hungateiclostridiaceae","Fastidiosipila"
"ASV935","Bacteria","Firmicutes","Bacilli","Bacillales","Planococcaceae",NA
"ASV936","Bacteria","Bacteroidota","Bacteroidia","Bacteroidales","Prevotellaceae","Prevotella"
"ASV937","Bacteria","Firmicutes","Clostridia","Oscillospirales","Ruminococcaceae","Ruminococcus"
"ASV938","Bacteria","Firmicutes","Bacilli","Staphylococcales","Staphylococcaceae","Staphylococcus"
"ASV939","Bacteria","Proteobacteria","Alphaproteobacteria","Rickettsiales","Mitochondria",NA
"ASV940","Bacteria","Proteobacteria","Alphaproteobacteria","Rickettsiales","Mitochondria",NA
"ASV941","Bacteria","Proteobacteria","Alphaproteobacteria","Rickettsiales","Mitochondria",NA
"ASV942","Bacteria","Firmicutes","Clostridia","Peptostreptococcales-Tissierellales","Family XI","Anaerococcus"
"ASV943","Bacteria","Firmicutes","Bacilli","Staphylococcales","Staphylococcaceae","Staphylococcus"
"ASV944","Bacteria","Proteobacteria","Alphaproteobacteria","Rickettsiales","Mitochondria",NA
"ASV945","Bacteria","Proteobacteria","Gammaproteobacteria","Burkholderiales","Comamonadaceae","Paucibacter"
"ASV946","Bacteria","Firmicutes","Bacilli","Lactobacillales","Lactobacillaceae","Lactobacillus"
"ASV947","Bacteria","Bacteroidota","Bacteroidia","Flavobacteriales","Weeksellaceae","Cloacibacterium"
"ASV948","Bacteria","Proteobacteria","Alphaproteobacteria","Caulobacterales","Caulobacteraceae","Brevundimonas"
"ASV949","Bacteria","Firmicutes","Bacilli","Lactobacillales","Streptococcaceae","Streptococcus"
"ASV950","Bacteria","Firmicutes","Clostridia",NA,NA,NA
"ASV951","Bacteria","Actinobacteriota","Thermoleophilia","Gaiellales",NA,NA
"ASV952","Bacteria","Actinobacteriota","Actinobacteria","Corynebacteriales","Nocardiaceae","Nocardia"
"ASV953","Bacteria","Proteobacteria","Gammaproteobacteria","Xanthomonadales","Xanthomonadaceae",NA
"ASV954","Bacteria","Bacteroidota","Bacteroidia","Bacteroidales","Prevotellaceae","Prevotella_7"
"ASV955","Bacteria","Proteobacteria","Alphaproteobacteria","Rickettsiales",NA,NA
"ASV956","Bacteria","Firmicutes","Bacilli","Lactobacillales","Lactobacillaceae","Lactobacillus"
"ASV957","Bacteria","Firmicutes","Bacilli","Lactobacillales","Carnobacteriaceae","Atopostipes"
"ASV958","Bacteria","Spirochaetota","Spirochaetia","Spirochaetales","Spirochaetaceae","Treponema"
"ASV959","Bacteria","Proteobacteria","Gammaproteobacteria","Burkholderiales","Comamonadaceae","Tepidimonas"
"ASV960","Bacteria","Bacteroidota","Bacteroidia","Bacteroidales","Prevotellaceae","Alloprevotella"
"ASV961","Bacteria","Proteobacteria","Gammaproteobacteria","Burkholderiales","Neisseriaceae","Eikenella"
"ASV962","Bacteria","Firmicutes","Negativicutes","Veillonellales-Selenomonadales","Veillonellaceae",NA
"ASV963","Bacteria","Proteobacteria","Alphaproteobacteria","Sphingomonadales","Sphingomonadaceae","Sphingomonas"
"ASV964","Bacteria","Firmicutes","Bacilli","Lactobacillales","Streptococcaceae","Streptococcus"
"ASV965","Bacteria","Bacteroidota","Bacteroidia","Sphingobacteriales","Sphingobacteriaceae","Sphingobacterium"
"ASV966","Bacteria","Bacteroidota","Bacteroidia","Sphingobacteriales","Sphingobacteriaceae","Sphingobacterium"
"ASV967","Bacteria","Proteobacteria","Alphaproteobacteria","Rickettsiales","Mitochondria",NA
"ASV968","Bacteria","Firmicutes","Bacilli","Bacillales","Bacillaceae",NA
"ASV969","Bacteria","Proteobacteria","Gammaproteobacteria","Pseudomonadales","Pseudomonadaceae","Pseudomonas"
"ASV970","Bacteria","Firmicutes","Bacilli","Lactobacillales","Streptococcaceae","Lactococcus"
"ASV971","Bacteria","Proteobacteria","Gammaproteobacteria","Pseudomonadales","Moraxellaceae","Acinetobacter"
"ASV972","Bacteria","Actinobacteriota","Actinobacteria","Micrococcales","Micrococcaceae","Rothia"
"ASV973","Bacteria","Actinobacteriota","Actinobacteria","Frankiales","Geodermatophilaceae","Modestobacter"
"ASV974","Bacteria","Fusobacteriota","Fusobacteriia","Fusobacteriales","Leptotrichiaceae","Leptotrichia"
"ASV975","Bacteria","Proteobacteria","Alphaproteobacteria","Rhodobacterales","Rhodobacteraceae",NA
"ASV976","Bacteria","Proteobacteria","Gammaproteobacteria","Burkholderiales","Comamonadaceae","Tepidimonas"
"ASV977","Bacteria","Actinobacteriota","Actinobacteria","Corynebacteriales","Corynebacteriaceae","Corynebacterium"
"ASV978","Bacteria","Proteobacteria","Alphaproteobacteria","Sphingomonadales","Sphingomonadaceae","Sphingomonas"
"ASV979","Bacteria","Proteobacteria","Gammaproteobacteria","Burkholderiales","Oxalobacteraceae","Massilia"
"ASV980","Bacteria","Bacteroidota","Bacteroidia","Bacteroidales","Bacteroidaceae","Bacteroides"
"ASV981","Bacteria","Actinobacteriota","Actinobacteria","Micrococcales","Dermabacteraceae","Dermabacter"
"ASV982","Bacteria","Acidobacteriota","Holophagae","Subgroup 7",NA,NA
"ASV983","Bacteria","Firmicutes","Bacilli","Lactobacillales","Streptococcaceae","Streptococcus"
"ASV984","Bacteria","Proteobacteria","Gammaproteobacteria","Pseudomonadales","Moraxellaceae","Acinetobacter"
"ASV985","Bacteria","Firmicutes","Clostridia","Lachnospirales","Lachnospiraceae","Moryella"
"ASV986","Bacteria","Firmicutes","Negativicutes","Veillonellales-Selenomonadales","Veillonellaceae","Veillonella"
"ASV987","Bacteria","Proteobacteria","Alphaproteobacteria","Rhizobiales","Rhizobiaceae","Mesorhizobium"
"ASV988","Bacteria","Firmicutes","Clostridia","Clostridiales","Clostridiaceae","Clostridium sensu stricto 1"
"ASV989","Bacteria","Proteobacteria","Alphaproteobacteria","Rickettsiales","Mitochondria",NA
"ASV990","Bacteria","Bacteroidota","Bacteroidia","Bacteroidales","Prevotellaceae","Prevotella"
"ASV991","Bacteria","Proteobacteria","Gammaproteobacteria","Burkholderiales","Oxalobacteraceae","Massilia"
"ASV992","Bacteria","Proteobacteria","Gammaproteobacteria","Enterobacterales","Pasteurellaceae","Haemophilus"
"ASV993","Bacteria","Firmicutes","Bacilli","Lactobacillales","Lactobacillaceae","Lactobacillus"
"ASV994","Bacteria","Actinobacteriota","Actinobacteria","Frankiales",NA,NA
"ASV995","Bacteria","Actinobacteriota","Actinobacteria","Micrococcales","Bogoriellaceae","Georgenia"
"ASV996","Bacteria","Proteobacteria","Alphaproteobacteria","Rickettsiales","Mitochondria",NA
"ASV997","Bacteria","Proteobacteria","Alphaproteobacteria","Acetobacterales","Acetobacteraceae","Craurococcus-Caldovatus"
"ASV998","Bacteria","Proteobacteria","Alphaproteobacteria","Rhizobiales","Rhizobiaceae","Shinella"
"ASV999","Bacteria","Bdellovibrionota","Bdellovibrionia","Bdellovibrionales","Bdellovibrionaceae","OM27 clade"
"ASV1000","Bacteria","Actinobacteriota","Actinobacteria","Micrococcales","Micrococcaceae","Rothia"
"ASV1001","Bacteria","Bacteroidota","Bacteroidia","Bacteroidales","Prevotellaceae","Prevotella_9"
"ASV1002","Bacteria","Proteobacteria","Alphaproteobacteria","Rickettsiales","Mitochondria",NA
"ASV1003","Bacteria","Deinococcota","Deinococci","Deinococcales","Deinococcaceae","Deinococcus"
"ASV1004","Bacteria","Firmicutes","Bacilli","Bacillales","Bacillaceae","Bacillus"
"ASV1005","Bacteria","Proteobacteria","Gammaproteobacteria","Pseudomonadales","Porticoccaceae","C1-B045"
"ASV1006","Bacteria","Firmicutes","Negativicutes","Veillonellales-Selenomonadales","Veillonellaceae","Anaeroglobus"
"ASV1007","Bacteria","Actinobacteriota","Actinobacteria","Actinomycetales","Actinomycetaceae","Actinomyces"
"ASV1008","Bacteria","Actinobacteriota","Actinobacteria","Propionibacteriales","Nocardioidaceae","Nocardioides"
"ASV1009","Bacteria","Actinobacteriota","Actinobacteria","Corynebacteriales","Corynebacteriaceae","Corynebacterium"
"ASV1010","Bacteria","Actinobacteriota","Rubrobacteria","Rubrobacterales","Rubrobacteriaceae","Rubrobacter"
"ASV1011","Bacteria","Proteobacteria","Alphaproteobacteria","Rickettsiales","Mitochondria",NA
"ASV1012","Bacteria","Firmicutes","Bacilli","Bacillales","Bacillaceae",NA
"ASV1013","Bacteria","Bacteroidota","Bacteroidia","Bacteroidales","Prevotellaceae",NA
"ASV1014","Bacteria","Proteobacteria","Alphaproteobacteria","Rickettsiales","Mitochondria",NA
"ASV1015","Bacteria","Proteobacteria","Gammaproteobacteria","Xanthomonadales","Xanthomonadaceae","Lysobacter"
"ASV1016","Bacteria","Proteobacteria","Gammaproteobacteria","Burkholderiales","Comamonadaceae","Hydrogenophaga"
"ASV1017","Bacteria","Bacteroidota","Bacteroidia","Bacteroidales","Prevotellaceae","Alloprevotella"
"ASV1018","Bacteria","Firmicutes","Negativicutes","Veillonellales-Selenomonadales","Veillonellaceae","Veillonella"
"ASV1019","Bacteria","Proteobacteria","Gammaproteobacteria","Xanthomonadales","Xanthomonadaceae","Stenotrophomonas"
"ASV1020","Bacteria","Proteobacteria","Alphaproteobacteria","Rhodobacterales","Rhodobacteraceae","Paracoccus"
"ASV1021","Bacteria","Firmicutes","Bacilli","Lactobacillales","Enterococcaceae","Enterococcus"
"ASV1022","Bacteria","FCPU426",NA,NA,NA,NA
"ASV1023","Bacteria","Proteobacteria","Gammaproteobacteria","Enterobacterales","Erwiniaceae","Pantoea"
"ASV1024","Bacteria","Actinobacteriota","Actinobacteria","Propionibacteriales","Nocardioidaceae","Aeromicrobium"
"ASV1025","Bacteria","Proteobacteria","Alphaproteobacteria","Sphingomonadales","Sphingomonadaceae","Sphingomonas"
"ASV1026","Bacteria","Proteobacteria","Alphaproteobacteria","Rickettsiales","Mitochondria",NA
"ASV1027","Bacteria","Bacteroidota","Bacteroidia","Sphingobacteriales","Sphingobacteriaceae","Nubsella"
"ASV1028","Bacteria","Firmicutes","Clostridia","Peptostreptococcales-Tissierellales","Family XI","Anaerococcus"
"ASV1029","Bacteria","Proteobacteria","Gammaproteobacteria","Pseudomonadales","Pseudomonadaceae","Pseudomonas"
"ASV1030","Bacteria","Firmicutes","Bacilli","Bacillales","Bacillaceae",NA
"ASV1031","Bacteria","Proteobacteria","Alphaproteobacteria","Rickettsiales","Mitochondria",NA
"ASV1032","Bacteria","Proteobacteria","Alphaproteobacteria","Rhodobacterales","Rhodobacteraceae","Tabrizicola"
"ASV1033","Bacteria","Firmicutes","Bacilli","Lactobacillales","Lactobacillaceae","Leuconostoc"
"ASV1034","Bacteria","Actinobacteriota","Actinobacteria","Pseudonocardiales","Pseudonocardiaceae","Actinomycetospora"
"ASV1035","Bacteria","Firmicutes","Bacilli","Lactobacillales","Carnobacteriaceae","Atopostipes"
"ASV1036","Bacteria","Bacteroidota","Bacteroidia","Chitinophagales","Saprospiraceae","OLB8"
"ASV1037","Bacteria","Aquificota","Aquificae","Aquificales","Aquificaceae","Hydrogenobacter"
"ASV1038","Bacteria","Proteobacteria","Alphaproteobacteria","Sphingomonadales","Sphingomonadaceae","Sphingomonas"
"ASV1039","Bacteria","Actinobacteriota","Actinobacteria","Frankiales","Sporichthyaceae","hgcI clade"
"ASV1040","Bacteria","Chloroflexi","TK10",NA,NA,NA
"ASV1041","Bacteria","Firmicutes","Bacilli","Lactobacillales","Carnobacteriaceae","Atopostipes"
"ASV1042","Bacteria","Proteobacteria","Alphaproteobacteria","Rickettsiales","Mitochondria",NA
"ASV1043","Bacteria","Firmicutes","Bacilli","Lactobacillales","Lactobacillaceae","Lactobacillus"
"ASV1044","Bacteria","Myxococcota","Myxococcia","Myxococcales","Vulgatibacteraceae","Vulgatibacter"
"ASV1045","Bacteria","Firmicutes","Bacilli","Thermicanales","Thermicanaceae","Thermicanus"
"ASV1046","Bacteria","Actinobacteriota","Actinobacteria","Micrococcales","Microbacteriaceae",NA
"ASV1047","Bacteria","Proteobacteria","Gammaproteobacteria","Pseudomonadales","Pseudomonadaceae","Pseudomonas"
"ASV1048","Bacteria","Actinobacteriota","Actinobacteria","Corynebacteriales","Mycobacteriaceae","Mycobacterium"
"ASV1049","Bacteria","Fusobacteriota","Fusobacteriia","Fusobacteriales","Leptotrichiaceae","Oceanivirga"
"ASV1050","Bacteria","Actinobacteriota","Actinobacteria","Frankiales","Geodermatophilaceae","Modestobacter"
"ASV1051","Bacteria","Bacteroidota","Bacteroidia","Flavobacteriales","Weeksellaceae",NA
"ASV1052","Bacteria","Proteobacteria","Gammaproteobacteria","Enterobacterales","Enterobacteriaceae","Escherichia-Shigella"
"ASV1053","Bacteria","Actinobacteriota","Actinobacteria","Actinomycetales","Actinomycetaceae","Actinomyces"
"ASV1054","Bacteria","Firmicutes","Clostridia","Peptostreptococcales-Tissierellales","Anaerovoracaceae","[Eubacterium] nodatum group"
"ASV1055","Bacteria","Bacteroidota","Bacteroidia","Chitinophagales","Chitinophagaceae","Sediminibacterium"
"ASV1056","Bacteria","Bacteroidota","Bacteroidia","Flavobacteriales","Weeksellaceae","Chryseobacterium"
"ASV1057","Bacteria","Fusobacteriota","Fusobacteriia","Fusobacteriales","Fusobacteriaceae","Fusobacterium"
"ASV1058","Bacteria","Fusobacteriota","Fusobacteriia","Fusobacteriales","Fusobacteriaceae","Fusobacterium"
"ASV1059","Bacteria","Firmicutes","Bacilli","Staphylococcales","Staphylococcaceae","Salinicoccus"
"ASV1060","Bacteria","Firmicutes","Bacilli","Bacillales","Planococcaceae","Domibacillus"
"ASV1061","Bacteria","Proteobacteria","Alphaproteobacteria","Rhodobacterales","Rhodobacteraceae","Rubellimicrobium"
"ASV1062","Bacteria","Firmicutes","Bacilli","Lactobacillales","Lactobacillaceae","Lactobacillus"
"ASV1063","Bacteria","Proteobacteria","Alphaproteobacteria","Rickettsiales","Mitochondria",NA
"ASV1064","Bacteria","Firmicutes","Clostridia","Oscillospirales","Ruminococcaceae","Faecalibacterium"
"ASV1065","Bacteria","Firmicutes","Bacilli","Staphylococcales","Staphylococcaceae",NA
"ASV1066","Bacteria","Firmicutes","Bacilli","Lactobacillales","Lactobacillaceae","Liquorilactobacillus"
"ASV1067","Bacteria","Firmicutes","Negativicutes","Veillonellales-Selenomonadales",NA,NA
"ASV1068","Bacteria","Firmicutes","Clostridia","Peptostreptococcales-Tissierellales","Family XI","Anaerococcus"
"ASV1069","Bacteria","Firmicutes","Bacilli","Lactobacillales","Carnobacteriaceae","Carnobacterium"
"ASV1070","Bacteria","Firmicutes","Bacilli","Lactobacillales","Streptococcaceae","Streptococcus"
"ASV1071","Bacteria","Deinococcota","Deinococci","Thermales","Thermaceae","Thermus"
"ASV1072","Bacteria","Firmicutes","Bacilli","Lactobacillales","Carnobacteriaceae","Atopostipes"
"ASV1073","Bacteria","Cyanobacteria","Cyanobacteriia","Chloroplast",NA,NA
"ASV1074","Bacteria","Bacteroidota","Bacteroidia","Bacteroidales","Prevotellaceae","Alloprevotella"
"ASV1075","Bacteria","Firmicutes","Bacilli","Lactobacillales","Lactobacillaceae","Ligilactobacillus"
"ASV1076","Bacteria","Firmicutes","Clostridia","Peptostreptococcales-Tissierellales","Family XI","Ezakiella"
"ASV1077","Bacteria","Bacteroidota","Bacteroidia","Bacteroidales","Prevotellaceae","Prevotella"
"ASV1078","Bacteria","Firmicutes","Bacilli","Lactobacillales","Lactobacillaceae","Lactobacillus"
"ASV1079","Bacteria","Actinobacteriota","Actinobacteria","Corynebacteriales","Corynebacteriaceae","Corynebacterium"
"ASV1080","Bacteria","Proteobacteria","Alphaproteobacteria","Rhizobiales","Beijerinckiaceae","Bosea"
"ASV1081","Bacteria","Firmicutes","Bacilli","Thermicanales","Thermicanaceae","Thermicanus"
"ASV1082","Bacteria","Proteobacteria","Gammaproteobacteria","Burkholderiales","Burkholderiaceae","Ralstonia"
"ASV1083","Bacteria","Firmicutes","Bacilli","Lactobacillales","Streptococcaceae","Streptococcus"
"ASV1084","Bacteria","Proteobacteria","Gammaproteobacteria","Burkholderiales","Neisseriaceae",NA
"ASV1085","Bacteria","Patescibacteria","Gracilibacteria","Absconditabacteriales (SR1)",NA,NA
"ASV1086","Bacteria","Proteobacteria","Gammaproteobacteria","Pseudomonadales","Moraxellaceae","Acinetobacter"
"ASV1087","Bacteria","Actinobacteriota","Actinobacteria","Corynebacteriales","Corynebacteriaceae","Corynebacterium"
"ASV1088","Bacteria","Proteobacteria","Alphaproteobacteria","Rhodobacterales","Rhodobacteraceae","Paracoccus"
"ASV1089","Bacteria","Deinococcota","Deinococci","Thermales","Thermaceae","Thermus"
"ASV1090","Bacteria","Actinobacteriota","Actinobacteria","Frankiales","Frankiaceae","Frankia"
"ASV1091","Bacteria","Proteobacteria","Alphaproteobacteria","Rhodobacterales","Rhodobacteraceae",NA
"ASV1092","Bacteria","Actinobacteriota","Actinobacteria","Micrococcales","Brevibacteriaceae","Brevibacterium"
"ASV1093","Bacteria","Actinobacteriota","Actinobacteria","Micrococcales","Microbacteriaceae","Leucobacter"
"ASV1094","Bacteria","Proteobacteria","Gammaproteobacteria","Xanthomonadales","Xanthomonadaceae","Stenotrophomonas"
"ASV1095","Bacteria","Bacteroidota","Bacteroidia","Chitinophagales","Chitinophagaceae","Cnuella"
"ASV1096","Bacteria","Bacteroidota","Bacteroidia","Cytophagales","Hymenobacteraceae","Adhaeribacter"
"ASV1097","Bacteria","Firmicutes","Bacilli","Lactobacillales","Aerococcaceae","Abiotrophia"
"ASV1098","Bacteria","Actinobacteriota","Actinobacteria","Propionibacteriales","Nocardioidaceae","Marmoricola"
"ASV1099","Bacteria","Proteobacteria","Gammaproteobacteria","Enterobacterales","Enterobacteriaceae","Escherichia-Shigella"
"ASV1100","Bacteria","Bacteroidota","Bacteroidia","Bacteroidales","Prevotellaceae","Prevotella"
"ASV1101","Bacteria","Proteobacteria","Alphaproteobacteria","Sphingomonadales","Sphingomonadaceae","Novosphingobium"
"ASV1102","Bacteria","Actinobacteriota","Actinobacteria","Micrococcales","Micrococcaceae","Micrococcus"
"ASV1103","Bacteria","Proteobacteria","Gammaproteobacteria","Pseudomonadales","Moraxellaceae","Enhydrobacter"
"ASV1104","Bacteria","Actinobacteriota","Actinobacteria","Corynebacteriales","Corynebacteriaceae","Corynebacterium"
"ASV1105","Bacteria","Bacteroidota","Bacteroidia","Bacteroidales","Prevotellaceae","Prevotella"
"ASV1106","Bacteria","Bacteroidota","Bacteroidia","Bacteroidales","Prevotellaceae","Prevotella_7"
"ASV1107","Bacteria","Bacteroidota","Bacteroidia","Flavobacteriales","Weeksellaceae","Bergeyella"
"ASV1108","Bacteria","Bacteroidota","Bacteroidia","Flavobacteriales","Weeksellaceae","Chryseobacterium"
"ASV1109","Bacteria","Actinobacteriota","Actinobacteria","Micrococcales","Microbacteriaceae","Pseudoclavibacter"
"ASV1110","Bacteria","Cyanobacteria","Cyanobacteriia","Chloroplast",NA,NA
"ASV1111","Bacteria","Proteobacteria","Alphaproteobacteria","Rickettsiales","Mitochondria",NA
"ASV1112","Bacteria","Firmicutes","Bacilli","Bacillales","Bacillaceae","Geobacillus"
"ASV1113","Bacteria","Firmicutes","Bacilli","Bacillales","Bacillaceae","Geobacillus"
"ASV1114","Bacteria","Firmicutes","Clostridia","Clostridiales","Clostridiaceae","Clostridium sensu stricto 1"
"ASV1115","Bacteria","Firmicutes","Negativicutes","Acidaminococcales","Acidaminococcaceae","Succiniclasticum"
"ASV1116","Bacteria","Proteobacteria","Gammaproteobacteria","Pseudomonadales","Pseudomonadaceae","Pseudomonas"
"ASV1117","Bacteria","Proteobacteria","Gammaproteobacteria","Pseudomonadales","Moraxellaceae","Acinetobacter"
"ASV1118","Bacteria","Proteobacteria","Gammaproteobacteria","Xanthomonadales","Xanthomonadaceae",NA
"ASV1119","Bacteria","Firmicutes","Clostridia","Lachnospirales","Lachnospiraceae","Stomatobaculum"
"ASV1120","Bacteria","Proteobacteria","Gammaproteobacteria","Burkholderiales","Comamonadaceae","Tepidimonas"
"ASV1121","Bacteria","Proteobacteria","Alphaproteobacteria","Sphingomonadales","Sphingomonadaceae","Sphingomonas"
"ASV1122","Bacteria","Actinobacteriota","Actinobacteria","Micrococcales","Intrasporangiaceae","Serinicoccus"
"ASV1123","Bacteria","Actinobacteriota","Actinobacteria","Micromonosporales","Micromonosporaceae","Asanoa"
"ASV1124","Bacteria","Proteobacteria","Gammaproteobacteria","Pseudomonadales","Pseudomonadaceae","Pseudomonas"
"ASV1125","Bacteria","Actinobacteriota","Actinobacteria","Frankiales",NA,NA
"ASV1126","Bacteria","Fusobacteriota","Fusobacteriia","Fusobacteriales","Leptotrichiaceae","Oceanivirga"
"ASV1127","Bacteria","Firmicutes","Bacilli","Lactobacillales","Streptococcaceae","Streptococcus"
"ASV1128","Bacteria","Firmicutes","Clostridia","Oscillospirales","Ruminococcaceae","[Eubacterium] siraeum group"
"ASV1129","Bacteria","Firmicutes","Bacilli","Lactobacillales","Lactobacillaceae","Lactobacillus"
"ASV1130","Bacteria","Proteobacteria","Gammaproteobacteria","Pseudomonadales","Pseudomonadaceae","Pseudomonas"
"ASV1131","Bacteria","Acidobacteriota","Acidobacteriae","Acidobacteriales","Acidobacteriaceae (Subgroup 1)","Terracidiphilus"
"ASV1132","Bacteria","Actinobacteriota","Actinobacteria","Frankiales","Geodermatophilaceae","Blastococcus"
"ASV1133","Bacteria","Proteobacteria","Alphaproteobacteria","Sphingomonadales","Sphingomonadaceae","Sphingobium"
"ASV1134","Bacteria","Firmicutes","Bacilli","Paenibacillales","Paenibacillaceae","Paenibacillus"
"ASV1135","Bacteria","Bacteroidota","Bacteroidia","Bacteroidales","Porphyromonadaceae","Porphyromonas"
"ASV1136","Bacteria","Proteobacteria","Alphaproteobacteria","Sphingomonadales","Sphingomonadaceae","Porphyrobacter"
"ASV1137","Bacteria","Proteobacteria","Alphaproteobacteria","Rhizobiales","Devosiaceae","Devosia"
"ASV1138","Bacteria","Firmicutes","Bacilli","Lactobacillales","Streptococcaceae","Streptococcus"
"ASV1139","Bacteria","Firmicutes","Clostridia","Lachnospirales","Lachnospiraceae","Moryella"
"ASV1140","Bacteria","Proteobacteria","Alphaproteobacteria","Rickettsiales","Mitochondria",NA
"ASV1141","Bacteria","Firmicutes","Bacilli","Bacillales","Salisediminibacteriaceae","Salipaludibacillus"
"ASV1142","Bacteria","Firmicutes","Negativicutes","Veillonellales-Selenomonadales","Selenomonadaceae",NA
"ASV1143","Bacteria","Firmicutes","Bacilli","Lactobacillales","Enterococcaceae",NA
"ASV1144","Bacteria","Bacteroidota","Bacteroidia","Cytophagales","MWH-CFBk5",NA
"ASV1145","Bacteria",NA,NA,NA,NA,NA
"ASV1146","Bacteria","Firmicutes","Bacilli","Bacillales","Bacillaceae","Geobacillus"
"ASV1147","Bacteria","Proteobacteria","Alphaproteobacteria","Rickettsiales","Mitochondria",NA
"ASV1148","Bacteria","Actinobacteriota","Thermoleophilia","Solirubrobacterales","67-14",NA
"ASV1149","Bacteria","Proteobacteria","Gammaproteobacteria","Pseudomonadales","Moraxellaceae","Enhydrobacter"
"ASV1150","Bacteria","Proteobacteria","Gammaproteobacteria","Pseudomonadales","Pseudomonadaceae","Pseudomonas"
"ASV1151","Bacteria","Firmicutes","Bacilli","Erysipelotrichales","Erysipelotrichaceae","Faecalibaculum"
"ASV1152","Bacteria","Bacteroidota","Bacteroidia","Sphingobacteriales","Lentimicrobiaceae","Lentimicrobium"
"ASV1153","Bacteria","Firmicutes","Clostridia","Peptostreptococcales-Tissierellales","Family XI","Peptoniphilus"
"ASV1154","Bacteria","Firmicutes","Bacilli","Lactobacillales","Lactobacillaceae","Lactobacillus"
"ASV1155","Bacteria","Proteobacteria","Alphaproteobacteria","Rhizobiales","Rhizobiaceae",NA
"ASV1156","Bacteria","Proteobacteria","Alphaproteobacteria","Rhizobiales","Beijerinckiaceae","Methylobacterium-Methylorubrum"
"ASV1157","Bacteria","Acidobacteriota","Vicinamibacteria","Vicinamibacterales",NA,NA
"ASV1158","Bacteria","Deinococcota","Deinococci","Thermales","Thermaceae","Thermus"
"ASV1159","Bacteria","Proteobacteria","Gammaproteobacteria","Burkholderiales","Comamonadaceae","Tepidimonas"
"ASV1160","Bacteria","Proteobacteria","Alphaproteobacteria","Acetobacterales","Acetobacteraceae","Craurococcus-Caldovatus"
"ASV1161","Bacteria","Proteobacteria","Alphaproteobacteria","Sphingomonadales","Sphingomonadaceae","Sphingomonas"
"ASV1162","Bacteria","Firmicutes","Bacilli","Bacillales","Planococcaceae",NA
"ASV1163","Bacteria","Proteobacteria","Gammaproteobacteria","Pseudomonadales","Moraxellaceae","Acinetobacter"
"ASV1164","Bacteria","Proteobacteria","Gammaproteobacteria","Pseudomonadales","Pseudomonadaceae","Pseudomonas"
"ASV1165","Bacteria","Firmicutes","Clostridia","Lachnospirales","Lachnospiraceae",NA
"ASV1166","Bacteria","Firmicutes","Clostridia","Lachnospirales","Lachnospiraceae","[Eubacterium] ruminantium group"
"ASV1167","Bacteria","Proteobacteria","Alphaproteobacteria","Sphingomonadales","Sphingomonadaceae","Plot4-2H12"
"ASV1168","Bacteria","Armatimonadota","Armatimonadia","Armatimonadales",NA,NA
"ASV1169","Bacteria","Bacteroidota","Bacteroidia","Bacteroidales","Rikenellaceae","Rikenellaceae RC9 gut group"
"ASV1170","Bacteria","Actinobacteriota","Actinobacteria","Corynebacteriales","Corynebacteriaceae","Corynebacterium"
"ASV1171","Bacteria","Proteobacteria","Gammaproteobacteria","Burkholderiales","Oxalobacteraceae","Oxalicibacterium"
"ASV1172","Bacteria","Firmicutes","Bacilli","Bacillales","Planococcaceae","Rummeliibacillus"
"ASV1173","Bacteria","Firmicutes","Bacilli","Lactobacillales","Streptococcaceae","Streptococcus"
"ASV1174","Bacteria","Proteobacteria","Gammaproteobacteria","Burkholderiales","Rhodocyclaceae","Georgfuchsia"
"ASV1175","Bacteria","Firmicutes","Clostridia","Lachnospirales","Lachnospiraceae","Pseudobutyrivibrio"
"ASV1176","Bacteria",NA,NA,NA,NA,NA
"ASV1177","Bacteria","Firmicutes","Bacilli","Lactobacillales","Aerococcaceae","Globicatella"
"ASV1178","Bacteria","Actinobacteriota","Acidimicrobiia","Microtrichales",NA,NA
"ASV1179","Bacteria","Firmicutes","Bacilli","Thermicanales","Thermicanaceae","Thermicanus"
"ASV1180","Bacteria","Bacteroidota","Bacteroidia","Bacteroidales","Rikenellaceae","Rikenellaceae RC9 gut group"
"ASV1181","Bacteria","Firmicutes","Clostridia","Peptostreptococcales-Tissierellales","Family XI","Murdochiella"
"ASV1182","Bacteria","Firmicutes","Bacilli","Bacillales","Bacillaceae","Bacillus"
"ASV1183","Bacteria","Firmicutes","Bacilli","Lactobacillales",NA,NA
"ASV1184","Bacteria","Proteobacteria","Gammaproteobacteria","Burkholderiales","Comamonadaceae",NA
"ASV1185","Bacteria","Firmicutes","Bacilli","Lactobacillales","Lactobacillaceae","HT002"
"ASV1186","Bacteria","Acidobacteriota","Vicinamibacteria","Vicinamibacterales",NA,NA
"ASV1187","Bacteria","Firmicutes","Bacilli","Staphylococcales","Staphylococcaceae","Auricoccus-Abyssicoccus"
"ASV1188","Bacteria","Bacteroidota","Bacteroidia","Bacteroidales","Prevotellaceae","Prevotella"
"ASV1189","Bacteria","Firmicutes","Negativicutes","Veillonellales-Selenomonadales","Selenomonadaceae","Centipeda"
"ASV1190","Bacteria","Firmicutes","Bacilli","Lactobacillales","Aerococcaceae","Globicatella"
"ASV1191","Bacteria","Proteobacteria","Alphaproteobacteria","Rhodobacterales","Rhodobacteraceae",NA
"ASV1192","Bacteria","Proteobacteria","Alphaproteobacteria","Rhodobacterales","Rhodobacteraceae","Rubellimicrobium"
"ASV1193","Bacteria","Actinobacteriota","Actinobacteria","Bifidobacteriales","Bifidobacteriaceae","Gardnerella"
"ASV1194","Bacteria","Proteobacteria","Alphaproteobacteria","Rickettsiales","Mitochondria",NA
"ASV1195","Bacteria","Bacteroidota","Bacteroidia","Flavobacteriales","Weeksellaceae",NA
"ASV1196","Bacteria","Proteobacteria","Gammaproteobacteria","Pseudomonadales","Pseudomonadaceae","Pseudomonas"
"ASV1197","Bacteria","Fusobacteriota","Fusobacteriia","Fusobacteriales","Fusobacteriaceae","Fusobacterium"
"ASV1198","Bacteria","Proteobacteria","Alphaproteobacteria","Rhodobacterales","Rhodobacteraceae","Rubellimicrobium"
"ASV1199","Bacteria","Firmicutes","Bacilli","Bacillales","Bacillaceae","Aeribacillus"
"ASV1200","Bacteria","Actinobacteriota","Actinobacteria","Frankiales",NA,NA
"ASV1201","Bacteria","Firmicutes","Clostridia","Peptostreptococcales-Tissierellales","Family XI","Murdochiella"
"ASV1202","Bacteria","Patescibacteria","Parcubacteria","Candidatus Moranbacteria",NA,NA
"ASV1203","Bacteria","Actinobacteriota","Actinobacteria","Corynebacteriales","Corynebacteriaceae","Corynebacterium"
"ASV1204","Bacteria","Chloroflexi","Chloroflexia","Thermomicrobiales","JG30-KF-CM45",NA
"ASV1205","Bacteria","Bacteroidota","Bacteroidia","Flavobacteriales","Flavobacteriaceae","Capnocytophaga"
"ASV1206","Bacteria","Actinobacteriota","Actinobacteria","Actinomycetales","Actinomycetaceae","Actinotignum"
"ASV1207","Bacteria","Actinobacteriota","Actinobacteria","Propionibacteriales","Nocardioidaceae","Nocardioides"
"ASV1208","Bacteria","Bacteroidota","Bacteroidia",NA,NA,NA
"ASV1209","Bacteria","Deinococcota","Deinococci","Thermales","Thermaceae","Thermus"
"ASV1210","Bacteria","Firmicutes","Clostridia","Monoglobales","Monoglobaceae","Monoglobus"
"ASV1211","Bacteria","Actinobacteriota","Actinobacteria","Propionibacteriales","Nocardioidaceae","Nocardioides"
"ASV1212","Bacteria","Proteobacteria","Gammaproteobacteria","Burkholderiales","Oxalobacteraceae","Duganella"
"ASV1213","Bacteria","Bacteroidota","Bacteroidia","Bacteroidales","Muribaculaceae",NA
"ASV1214","Bacteria","Proteobacteria","Gammaproteobacteria","Burkholderiales","Comamonadaceae","Tepidimonas"
"ASV1215","Bacteria","Fusobacteriota","Fusobacteriia","Fusobacteriales","Fusobacteriaceae","Fusobacterium"
"ASV1216","Bacteria","Actinobacteriota","Actinobacteria","Corynebacteriales","Corynebacteriaceae","Corynebacterium"
"ASV1217","Bacteria","Firmicutes","Bacilli","Exiguobacterales","Exiguobacteraceae","Exiguobacterium"
"ASV1218","Bacteria","Firmicutes","Clostridia","Lachnospirales","Lachnospiraceae",NA
"ASV1219","Bacteria","Firmicutes","Negativicutes","Veillonellales-Selenomonadales","Veillonellaceae","Negativicoccus"
"ASV1220","Bacteria","Myxococcota","Myxococcia","Myxococcales","Anaeromyxobacteraceae","Anaeromyxobacter"
"ASV1221","Bacteria","Bacteroidota","Bacteroidia","Bacteroidales","Prevotellaceae","Prevotella_7"
"ASV1222","Bacteria","Actinobacteriota","Actinobacteria","Actinomycetales","Actinomycetaceae","Mobiluncus"
"ASV1223","Bacteria","Actinobacteriota","Actinobacteria","Corynebacteriales","Corynebacteriaceae","Corynebacterium"
"ASV1224","Bacteria","Proteobacteria","Alphaproteobacteria","Rhizobiales","Rhizobiaceae","Allorhizobium-Neorhizobium-Pararhizobium-Rhizobium"
"ASV1225","Bacteria","Firmicutes","Bacilli","Paenibacillales","Paenibacillaceae","Paenibacillus"
"ASV1226","Bacteria","Deinococcota","Deinococci","Thermales","Thermaceae","Thermus"
"ASV1227","Bacteria","Proteobacteria","Alphaproteobacteria","Rickettsiales","Mitochondria",NA
"ASV1228","Bacteria","Firmicutes","Clostridia","Christensenellales","Christensenellaceae","Christensenellaceae R-7 group"
"ASV1229","Bacteria","Bacteroidota","Bacteroidia","Bacteroidales","Prevotellaceae","Prevotella"
"ASV1230","Bacteria","Proteobacteria","Gammaproteobacteria","Burkholderiales","Comamonadaceae","Tepidimonas"
"ASV1231","Bacteria","Proteobacteria","Gammaproteobacteria","Pseudomonadales","Pseudomonadaceae","Pseudomonas"
"ASV1232","Bacteria","Actinobacteriota","Actinobacteria","Frankiales","Sporichthyaceae","hgcI clade"
"ASV1233","Bacteria","Actinobacteriota","MB-A2-108",NA,NA,NA
"ASV1234","Bacteria","Bacteroidota","Bacteroidia","Bacteroidales","Prevotellaceae","Prevotella"
"ASV1235","Bacteria","Proteobacteria","Alphaproteobacteria","Rickettsiales","Mitochondria",NA
"ASV1236","Bacteria","Proteobacteria","Alphaproteobacteria","Rhizobiales","Devosiaceae","Devosia"
"ASV1237","Bacteria","Proteobacteria","Gammaproteobacteria","Pseudomonadales","Moraxellaceae","Enhydrobacter"
"ASV1238","Bacteria","Proteobacteria","Alphaproteobacteria","Sphingomonadales","Sphingomonadaceae","Sphingomonas"
"ASV1239","Bacteria","Firmicutes","Bacilli","Staphylococcales","Staphylococcaceae","Staphylococcus"
"ASV1240","Bacteria","Proteobacteria","Gammaproteobacteria","Pseudomonadales","Pseudomonadaceae","Pseudomonas"
"ASV1241","Bacteria","Firmicutes","Clostridia","Peptostreptococcales-Tissierellales","Family XI","Peptoniphilus"
"ASV1242","Bacteria","Deinococcota","Deinococci","Thermales","Thermaceae","Thermus"
"ASV1243","Bacteria","Actinobacteriota","Actinobacteria","Actinomycetales","Actinomycetaceae","Actinomyces"
"ASV1244","Bacteria","Chloroflexi","Chloroflexia","Kallotenuales","AKIW781",NA
"ASV1245","Bacteria","Chloroflexi","Anaerolineae","Anaerolineales","Anaerolineaceae",NA
"ASV1246","Bacteria","Firmicutes","Bacilli","Erysipelotrichales","Erysipelotrichaceae","Turicibacter"
"ASV1247","Bacteria","Proteobacteria","Gammaproteobacteria","Xanthomonadales","Xanthomonadaceae","Stenotrophomonas"
"ASV1248","Bacteria","Proteobacteria","Gammaproteobacteria","Burkholderiales","Comamonadaceae","Tepidimonas"
"ASV1249","Bacteria","Proteobacteria","Alphaproteobacteria","Rickettsiales","Mitochondria",NA
"ASV1250","Bacteria","Proteobacteria","Gammaproteobacteria",NA,NA,NA
"ASV1251","Bacteria","Firmicutes","Negativicutes","Veillonellales-Selenomonadales","Veillonellaceae","Veillonella"
"ASV1252","Bacteria","Bacteroidota","Bacteroidia","Bacteroidales","Porphyromonadaceae","Porphyromonas"
"ASV1253","Bacteria","Bacteroidota","Bacteroidia","Flavobacteriales","NS9 marine group",NA
"ASV1254","Bacteria","Actinobacteriota","Actinobacteria","Micrococcales","Dermabacteraceae","Brachybacterium"
"ASV1255","Bacteria","Actinobacteriota","Actinobacteria","Kineosporiales","Kineosporiaceae","Quadrisphaera"
"ASV1256","Bacteria","Proteobacteria","Alphaproteobacteria","Sphingomonadales","Sphingomonadaceae","Sphingopyxis"
"ASV1257","Bacteria","Chloroflexi","Anaerolineae","Ardenticatenales",NA,NA
"ASV1258","Bacteria","Fusobacteriota","Fusobacteriia","Fusobacteriales","Fusobacteriaceae","Fusobacterium"
"ASV1259","Bacteria","Proteobacteria","Alphaproteobacteria","Azospirillales","Azospirillaceae","Azospirillum"
"ASV1260","Bacteria","Bacteroidota","Bacteroidia","Bacteroidales","Prevotellaceae","Prevotella_7"
"ASV1261","Bacteria","Proteobacteria","Alphaproteobacteria","Rhizobiales","Hyphomicrobiaceae","Hyphomicrobium"
"ASV1262","Bacteria","Firmicutes","Clostridia","Oscillospirales","Ruminococcaceae","Faecalibacterium"
"ASV1263","Bacteria","Proteobacteria","Gammaproteobacteria","Burkholderiales","Comamonadaceae","Tepidimonas"
"ASV1264","Bacteria","Actinobacteriota","Rubrobacteria","Rubrobacterales","Rubrobacteriaceae","Rubrobacter"
"ASV1265","Bacteria","Bacteroidota","Bacteroidia","Flavobacteriales","Flavobacteriaceae","Zobellia"
"ASV1266","Bacteria","Proteobacteria","Gammaproteobacteria","Burkholderiales","Comamonadaceae",NA
"ASV1267","Bacteria","Firmicutes","Clostridia","Oscillospirales","Ethanoligenenaceae","Ethanoligenens"
"ASV1268","Bacteria","Fusobacteriota","Fusobacteriia","Fusobacteriales","Leptotrichiaceae","Leptotrichia"
"ASV1269","Bacteria","Proteobacteria","Gammaproteobacteria","Burkholderiales","Alcaligenaceae","Pusillimonas"
"ASV1270","Bacteria","Proteobacteria","Gammaproteobacteria","Enterobacterales","Erwiniaceae",NA
"ASV1271","Bacteria","Proteobacteria","Alphaproteobacteria","Rhodobacterales","Rhodobacteraceae","Paracoccus"
"ASV1272","Bacteria","Proteobacteria","Alphaproteobacteria","Caulobacterales","Caulobacteraceae","PMMR1"
"ASV1273","Bacteria","Bacteroidota","Bacteroidia","Bacteroidales","Prevotellaceae","Prevotella"
"ASV1274","Bacteria","Proteobacteria","Alphaproteobacteria","Rhizobiales","Rhizobiaceae","Shinella"
"ASV1275","Bacteria","Actinobacteriota","Actinobacteria","Frankiales","Geodermatophilaceae","Blastococcus"
"ASV1276","Bacteria","Proteobacteria","Alphaproteobacteria","Rickettsiales","Mitochondria",NA
"ASV1277","Bacteria","Fusobacteriota","Fusobacteriia","Fusobacteriales","Fusobacteriaceae","Fusobacterium"
"ASV1278","Bacteria","Proteobacteria","Gammaproteobacteria","Pseudomonadales","Pseudomonadaceae",NA
"ASV1279","Bacteria","Proteobacteria","Alphaproteobacteria","Rickettsiales","Mitochondria",NA
"ASV1280","Bacteria","Proteobacteria","Alphaproteobacteria","Rhodobacterales","Rhodobacteraceae","Paracoccus"
"ASV1281","Bacteria","Proteobacteria","Gammaproteobacteria","Burkholderiales","Neisseriaceae","Neisseria"
"ASV1282","Bacteria","Firmicutes","Clostridia","Oscillospirales","Hungateiclostridiaceae","Ercella"
"ASV1283","Bacteria","Firmicutes","Bacilli","Lactobacillales","Carnobacteriaceae","Atopostipes"
"ASV1284","Bacteria","Bacteroidota","Bacteroidia","Bacteroidales","Prevotellaceae","Prevotella_7"
"ASV1285","Bacteria","Synergistota","Synergistia","Synergistales","Synergistaceae","Jonquetella"
"ASV1286","Bacteria","Bacteroidota","Bacteroidia","Bacteroidales","Bacteroidales RF16 group",NA
"ASV1287","Bacteria","Firmicutes","Bacilli","Lactobacillales","Aerococcaceae","Globicatella"
"ASV1288","Bacteria","Proteobacteria","Gammaproteobacteria","Pseudomonadales","Pseudomonadaceae","Pseudomonas"
"ASV1289","Bacteria","Firmicutes","Clostridia","Peptostreptococcales-Tissierellales","Family XI","Peptoniphilus"
"ASV1290","Bacteria","Cyanobacteria","Cyanobacteriia","Chloroplast",NA,NA
"ASV1291","Bacteria","Bacteroidota","Bacteroidia","Flavobacteriales","Flavobacteriaceae","Flavobacterium"
"ASV1292","Bacteria","Firmicutes","Negativicutes","Veillonellales-Selenomonadales","Veillonellaceae","Dialister"
"ASV1293","Bacteria","Bacteroidota","Bacteroidia","Cytophagales","Spirosomaceae","Spirosoma"
"ASV1294","Bacteria","Deinococcota","Deinococci","Deinococcales","Deinococcaceae","Deinococcus"
"ASV1295","Bacteria","Firmicutes","Bacilli","Lactobacillales","Streptococcaceae","Streptococcus"
"ASV1296","Bacteria","Proteobacteria","Alphaproteobacteria","Rickettsiales","Mitochondria",NA
"ASV1297","Bacteria","Proteobacteria","Gammaproteobacteria","Burkholderiales","Rhodocyclaceae","Dechlorobacter"
"ASV1298","Bacteria","Firmicutes","Bacilli","Staphylococcales","Staphylococcaceae","Staphylococcus"
"ASV1299","Bacteria","Firmicutes","Bacilli","Staphylococcales","Staphylococcaceae","Staphylococcus"
"ASV1300","Bacteria","Firmicutes","Bacilli","Lactobacillales","Enterococcaceae","Enterococcus"
"ASV1301","Bacteria","Proteobacteria","Gammaproteobacteria","Burkholderiales","Comamonadaceae",NA
"ASV1302","Bacteria","Actinobacteriota","Acidimicrobiia","Microtrichales","Ilumatobacteraceae",NA
"ASV1303","Bacteria","Proteobacteria","Alphaproteobacteria","Rickettsiales","Mitochondria",NA
"ASV1304","Bacteria","Firmicutes","Bacilli","Lactobacillales","Lactobacillaceae","Lactobacillus"
"ASV1305","Bacteria","Actinobacteriota","Actinobacteria","Micrococcales","Micrococcaceae","Kocuria"
"ASV1306","Bacteria","Bacteroidota","Bacteroidia","Bacteroidales","Prevotellaceae","Prevotella"
"ASV1307","Bacteria","Proteobacteria","Alphaproteobacteria","Tistrellales","Geminicoccaceae","Candidatus Alysiosphaera"
"ASV1308","Bacteria","Proteobacteria","Alphaproteobacteria","Rickettsiales","Mitochondria",NA
"ASV1309","Bacteria","Proteobacteria","Alphaproteobacteria","Rickettsiales","Mitochondria",NA
"ASV1310","Bacteria","Proteobacteria","Alphaproteobacteria","Rhodobacterales","Rhodobacteraceae",NA
"ASV1311","Bacteria","Firmicutes","Clostridia","Peptostreptococcales-Tissierellales","Family XI","Gallicola"
"ASV1312","Bacteria","Proteobacteria","Gammaproteobacteria","Enterobacterales","Enterobacteriaceae","Escherichia-Shigella"
"ASV1313","Bacteria","Firmicutes","Bacilli","Lactobacillales","Streptococcaceae","Streptococcus"
"ASV1314","Bacteria","Campylobacterota","Campylobacteria","Campylobacterales","Campylobacteraceae","Campylobacter"
"ASV1315","Bacteria","Proteobacteria","Alphaproteobacteria","Rhizobiales","Kaistiaceae","Kaistia"
"ASV1316","Bacteria","Proteobacteria","Alphaproteobacteria","Rhizobiales","Rhizobiaceae","Pseudaminobacter"
"ASV1317","Bacteria","Firmicutes","Bacilli","Lactobacillales",NA,NA
"ASV1318","Bacteria","Gemmatimonadota","Gemmatimonadetes","Gemmatimonadales","Gemmatimonadaceae",NA
"ASV1319","Bacteria","Actinobacteriota","Actinobacteria","Micrococcales","Micrococcaceae",NA
"ASV1320","Bacteria","Firmicutes","Bacilli","Lactobacillales","Streptococcaceae","Streptococcus"
"ASV1321","Bacteria","Actinobacteriota","Actinobacteria","Micrococcales","Micrococcaceae","Kocuria"
"ASV1322","Bacteria","Proteobacteria","Gammaproteobacteria","Burkholderiales","Comamonadaceae","Tepidimonas"
"ASV1323","Bacteria","Firmicutes","Negativicutes","Veillonellales-Selenomonadales","Selenomonadaceae","Centipeda"
"ASV1324","Bacteria","Firmicutes","Bacilli","Bacillales","Planococcaceae",NA
"ASV1325","Bacteria","Proteobacteria","Gammaproteobacteria","Pseudomonadales","Pseudomonadaceae","Pseudomonas"
"ASV1326","Bacteria","Proteobacteria","Alphaproteobacteria","Rickettsiales","Mitochondria",NA
"ASV1327","Bacteria","Proteobacteria","Alphaproteobacteria","Rhizobiales","Beijerinckiaceae","Microvirga"
"ASV1328","Bacteria","Abditibacteriota","Abditibacteria","Abditibacteriales","Abditibacteriaceae","Abditibacterium"
"ASV1329","Bacteria","Bacteroidota","Bacteroidia","Bacteroidales","Prevotellaceae","Prevotella_7"
"ASV1330","Bacteria","Proteobacteria","Gammaproteobacteria","Pseudomonadales","Pseudomonadaceae",NA
"ASV1331","Bacteria","Actinobacteriota","Actinobacteria","Propionibacteriales","Nocardioidaceae","Nocardioides"
"ASV1332","Bacteria","Bacteroidota","Bacteroidia","Bacteroidales","Prevotellaceae","Alloprevotella"
"ASV1333","Bacteria","Actinobacteriota","Actinobacteria","Pseudonocardiales","Pseudonocardiaceae","Pseudonocardia"
"ASV1334","Bacteria","Firmicutes","Clostridia","Lachnospirales","Lachnospiraceae","Blautia"
"ASV1335","Bacteria","Fusobacteriota","Fusobacteriia","Fusobacteriales","Leptotrichiaceae","Leptotrichia"
"ASV1336","Bacteria","Firmicutes","Bacilli","Bacillales","Planococcaceae","Viridibacillus"
"ASV1337","Bacteria","Proteobacteria","Alphaproteobacteria","Sphingomonadales","Sphingomonadaceae","Sphingomonas"
"ASV1338","Bacteria","Deinococcota","Deinococci","Thermales","Thermaceae","Thermus"
"ASV1339","Bacteria","Actinobacteriota","Actinobacteria","Actinomycetales","Actinomycetaceae","Actinomyces"
"ASV1340","Bacteria","Firmicutes","Clostridia","Peptostreptococcales-Tissierellales","Family XI","Anaerococcus"
"ASV1341","Bacteria","Proteobacteria","Gammaproteobacteria","Burkholderiales","Comamonadaceae","Tepidimonas"
"ASV1342","Bacteria","Proteobacteria","Alphaproteobacteria","Sphingomonadales","Sphingomonadaceae","Novosphingobium"
"ASV1343","Bacteria","Bacteroidota","Bacteroidia","Bacteroidales","Prevotellaceae","Prevotella_7"
"ASV1344","Bacteria","Firmicutes","Clostridia","Peptostreptococcales-Tissierellales","Family XI","Peptoniphilus"
"ASV1345","Bacteria","Proteobacteria","Gammaproteobacteria","Burkholderiales","SC-I-84",NA
"ASV1346","Bacteria","Proteobacteria","Gammaproteobacteria","Xanthomonadales","Xanthomonadaceae","Thermomonas"
"ASV1347","Bacteria","Actinobacteriota","Actinobacteria","Frankiales","Geodermatophilaceae","Modestobacter"
"ASV1348","Bacteria","Bacteroidota","Bacteroidia","Flavobacteriales","Flavobacteriaceae","Flavobacterium"
"ASV1349","Bacteria","Proteobacteria","Gammaproteobacteria","Pseudomonadales","Moraxellaceae","Enhydrobacter"
"ASV1350","Bacteria","Actinobacteriota","Actinobacteria","Corynebacteriales","Corynebacteriaceae","Lawsonella"
"ASV1351","Bacteria","Proteobacteria","Alphaproteobacteria","Sphingomonadales","Sphingomonadaceae","Sphingomonas"
"ASV1352","Bacteria","Bacteroidota","Bacteroidia","Bacteroidales","Prevotellaceae","Prevotella_7"
"ASV1353","Bacteria","Campylobacterota","Campylobacteria","Campylobacterales","Campylobacteraceae","Campylobacter"
"ASV1354","Bacteria","Proteobacteria","Gammaproteobacteria","Burkholderiales","Alcaligenaceae","Achromobacter"
"ASV1355","Bacteria","Actinobacteriota","Actinobacteria","Bifidobacteriales","Bifidobacteriaceae","Alloscardovia"
"ASV1356","Bacteria","Proteobacteria","Gammaproteobacteria","Pseudomonadales","Pseudomonadaceae","Pseudomonas"
"ASV1357","Bacteria","Actinobacteriota","Actinobacteria","Actinomycetales","Actinomycetaceae","F0332"
"ASV1358","Bacteria","Firmicutes","Bacilli","Bacillales","Bacillaceae","Oceanobacillus"
"ASV1359","Bacteria","Cyanobacteria","Cyanobacteriia","Chloroplast",NA,NA
"ASV1360","Bacteria","Bacteroidota","Bacteroidia","Flavobacteriales","Weeksellaceae","Chryseobacterium"
"ASV1361","Bacteria","Actinobacteriota","Actinobacteria","Micrococcales","Micrococcaceae","Glutamicibacter"
"ASV1362","Bacteria","Proteobacteria","Gammaproteobacteria","Pseudomonadales","Pseudomonadaceae","Pseudomonas"
"ASV1363","Bacteria","Firmicutes","Bacilli","Bacillales","Bacillaceae","Bacillus"
"ASV1364","Bacteria","Firmicutes","Bacilli","Thermicanales","Thermicanaceae","Thermicanus"
"ASV1365","Bacteria","Actinobacteriota","Acidimicrobiia",NA,NA,NA
"ASV1366","Bacteria","Firmicutes","Bacilli","Lactobacillales",NA,NA
"ASV1367","Bacteria","Firmicutes","Bacilli","Bacillales","Bacillaceae","Anaerobacillus"
"ASV1368","Bacteria","Proteobacteria","Gammaproteobacteria","Pseudomonadales","Moraxellaceae","Enhydrobacter"
"ASV1369","Bacteria","Proteobacteria","Alphaproteobacteria","Rickettsiales","Mitochondria",NA
"ASV1370","Bacteria","Firmicutes","Clostridia","Lachnospirales","Lachnospiraceae",NA
"ASV1371","Bacteria","Proteobacteria","Gammaproteobacteria","Burkholderiales","Comamonadaceae","Delftia"
"ASV1372","Bacteria","Actinobacteriota","Actinobacteria","Micrococcales","Cellulomonadaceae","Cellulomonas"
"ASV1373","Bacteria","Firmicutes","Bacilli","Lactobacillales","Lactobacillaceae","Lactobacillus"
"ASV1374","Bacteria","Proteobacteria","Gammaproteobacteria","Burkholderiales","Neisseriaceae",NA
"ASV1375","Bacteria","Deinococcota","Deinococci","Thermales","Thermaceae","Meiothermus"
"ASV1376","Bacteria","Firmicutes","Clostridia","Peptostreptococcales-Tissierellales","Family XI","Murdochiella"
"ASV1377","Bacteria","Actinobacteriota","Actinobacteria","Micrococcales","Promicromonosporaceae","Promicromonospora"
"ASV1378","Bacteria","Firmicutes","Bacilli","Bacillales","Bacillaceae","Bacillus"
"ASV1379","Bacteria","Proteobacteria","Gammaproteobacteria","Pseudomonadales","Pseudomonadaceae","Pseudomonas"
"ASV1380","Bacteria","Proteobacteria","Gammaproteobacteria","Pseudomonadales","Cellvibrionaceae",NA
"ASV1381","Bacteria","Proteobacteria","Gammaproteobacteria","Pseudomonadales","Pseudomonadaceae",NA
"ASV1382","Bacteria","Actinobacteriota","Actinobacteria","Micrococcales","Micrococcaceae","Micrococcus"
"ASV1383","Bacteria","Firmicutes","Bacilli","Lactobacillales","Carnobacteriaceae","Atopostipes"
"ASV1384","Bacteria","Actinobacteriota","Actinobacteria","Corynebacteriales","Corynebacteriaceae","Corynebacterium"
"ASV1385","Bacteria","Proteobacteria","Alphaproteobacteria","Rhizobiales","Beijerinckiaceae","Methylobacterium-Methylorubrum"
"ASV1386","Bacteria","Actinobacteriota","Thermoleophilia","Solirubrobacterales","Solirubrobacteraceae","Parviterribacter"
"ASV1387","Bacteria","Campylobacterota","Campylobacteria","Campylobacterales","Campylobacteraceae","Campylobacter"
"ASV1388","Bacteria","Firmicutes","Negativicutes","Veillonellales-Selenomonadales","Veillonellaceae","Veillonella"
"ASV1389","Bacteria","Firmicutes","Bacilli","Bacillales","Bacillaceae","Geobacillus"
"ASV1390","Bacteria","Firmicutes","Bacilli","Lactobacillales","Streptococcaceae","Streptococcus"
"ASV1391","Bacteria","Proteobacteria","Gammaproteobacteria","Enterobacterales","Enterobacteriaceae","Escherichia-Shigella"
"ASV1392","Bacteria","Firmicutes","Bacilli","Staphylococcales","Staphylococcaceae","Jeotgalicoccus"
"ASV1393","Bacteria","Actinobacteriota","Actinobacteria","Micrococcales","Brevibacteriaceae","Brevibacterium"
"ASV1394","Bacteria","Proteobacteria","Gammaproteobacteria","Burkholderiales","Comamonadaceae","Tepidimonas"
"ASV1395","Bacteria","Actinobacteriota","Actinobacteria","Micrococcales","Cellulomonadaceae","Cellulomonas"
"ASV1396","Bacteria","Proteobacteria","Alphaproteobacteria","Rhizobiales","Hyphomicrobiaceae","Hyphomicrobium"
"ASV1397","Bacteria","Firmicutes","Bacilli","Lactobacillales","Carnobacteriaceae","Atopostipes"
"ASV1398","Bacteria","Proteobacteria","Alphaproteobacteria","Sphingomonadales","Sphingomonadaceae","Blastomonas"
"ASV1399","Bacteria","Firmicutes","Clostridia","Lachnospirales","Lachnospiraceae","Fusicatenibacter"
"ASV1400","Bacteria","Firmicutes","Bacilli","Lactobacillales","Carnobacteriaceae","Atopostipes"
"ASV1401","Bacteria","Actinobacteriota","Actinobacteria","Micromonosporales","Micromonosporaceae","Actinoplanes"
"ASV1402","Bacteria","Synergistota","Synergistia","Synergistales","Synergistaceae","Jonquetella"
"ASV1403","Bacteria","Proteobacteria","Gammaproteobacteria","Pseudomonadales","Pseudomonadaceae","Pseudomonas"
"ASV1404","Bacteria","Firmicutes","Bacilli","Bacillales","Planococcaceae","Solibacillus"
"ASV1405","Bacteria","Proteobacteria","Gammaproteobacteria","Pseudomonadales","Pseudomonadaceae","Pseudomonas"
"ASV1406","Bacteria","Bacteroidota","Bacteroidia","Bacteroidales","Bacteroidetes vadinHA17",NA
"ASV1407","Bacteria","Proteobacteria","Gammaproteobacteria","Burkholderiales","Comamonadaceae","Hydrogenophaga"
"ASV1408","Bacteria","Proteobacteria","Alphaproteobacteria","Rhodobacterales","Rhodobacteraceae","Paracoccus"
"ASV1409","Bacteria","Firmicutes","Clostridia","Peptostreptococcales-Tissierellales","Family XI","Anaerococcus"
"ASV1410","Bacteria","Campylobacterota","Campylobacteria","Campylobacterales","Campylobacteraceae","Campylobacter"
"ASV1411","Bacteria","Firmicutes","Bacilli","Staphylococcales","Staphylococcaceae","Staphylococcus"
"ASV1412","Bacteria","Proteobacteria","Gammaproteobacteria","Pseudomonadales","Pseudomonadaceae","Pseudomonas"
"ASV1413","Bacteria","Actinobacteriota","Actinobacteria","Corynebacteriales","Corynebacteriaceae","Corynebacterium"
"ASV1414","Bacteria","Bacteroidota","Bacteroidia","Flavobacteriales","Weeksellaceae","Cloacibacterium"
"ASV1415","Bacteria","Proteobacteria","Gammaproteobacteria","Burkholderiales","Comamonadaceae","Tepidimonas"
"ASV1416","Bacteria","Proteobacteria","Gammaproteobacteria","Burkholderiales","Oxalobacteraceae","Massilia"
"ASV1417","Bacteria","Actinobacteriota","Actinobacteria","Micrococcales","Micrococcaceae","Kocuria"
"ASV1418","Bacteria","Firmicutes","Bacilli","Lactobacillales","Lactobacillaceae","Limosilactobacillus"
"ASV1419","Bacteria","Firmicutes","Bacilli","Lactobacillales","Lactobacillaceae","Lacticaseibacillus"
"ASV1420","Bacteria","Firmicutes","Clostridia","Peptostreptococcales-Tissierellales","Family XI","Peptoniphilus"
"ASV1421","Bacteria","Firmicutes","Bacilli","Bacillales","Planococcaceae",NA
"ASV1422","Bacteria","Proteobacteria","Alphaproteobacteria","Rickettsiales","Mitochondria",NA
"ASV1423","Bacteria","Bacteroidota","Bacteroidia","Bacteroidales","Porphyromonadaceae","Porphyromonas"
"ASV1424","Bacteria","Actinobacteriota","Actinobacteria","Corynebacteriales","Corynebacteriaceae","Corynebacterium"
"ASV1425","Bacteria","Actinobacteriota","Actinobacteria","Micrococcales","Intrasporangiaceae",NA
"ASV1426","Bacteria","Deinococcota","Deinococci","Thermales","Thermaceae","Thermus"
"ASV1427","Bacteria","Actinobacteriota","Coriobacteriia","Coriobacteriales","Eggerthellaceae","CHKCI002"
"ASV1428","Bacteria","Firmicutes","Bacilli","Lactobacillales","Lactobacillaceae","Lacticaseibacillus"
"ASV1429","Bacteria","Firmicutes","Bacilli","Lactobacillales","Streptococcaceae","Streptococcus"
"ASV1430","Bacteria","Bacteroidota","Bacteroidia","Bacteroidales","Muribaculaceae",NA
"ASV1431","Bacteria","Firmicutes","Bacilli","Lactobacillales","Enterococcaceae",NA
"ASV1432","Bacteria","Firmicutes","Negativicutes","Veillonellales-Selenomonadales","Veillonellaceae","Veillonella"
"ASV1433","Bacteria","Actinobacteriota","Actinobacteria","Micrococcales","Microbacteriaceae",NA
"ASV1434","Bacteria","Proteobacteria","Alphaproteobacteria","Sphingomonadales","Sphingomonadaceae","Sphingomonas"
"ASV1435","Bacteria","Proteobacteria","Alphaproteobacteria","Rhodobacterales","Rhodobacteraceae","Paracoccus"
"ASV1436","Bacteria","Bacteroidota","Bacteroidia","Bacteroidales","Prevotellaceae","Prevotella"
"ASV1437","Bacteria","Proteobacteria","Gammaproteobacteria","Burkholderiales","Neisseriaceae",NA
"ASV1438","Bacteria","Actinobacteriota","Actinobacteria","Micrococcales","Cellulomonadaceae","Actinotalea"
"ASV1439","Bacteria","Proteobacteria","Gammaproteobacteria","Enterobacterales","Enterobacteriaceae","Escherichia-Shigella"
"ASV1440","Bacteria","Firmicutes","Bacilli","Lactobacillales","Carnobacteriaceae","Atopostipes"
"ASV1441","Bacteria","Proteobacteria","Alphaproteobacteria","Sphingomonadales","Sphingomonadaceae","Altererythrobacter"
"ASV1442","Bacteria","Firmicutes","Bacilli","Lactobacillales","Lactobacillaceae","Lactobacillus"
"ASV1443","Bacteria","Firmicutes","Clostridia","Oscillospirales","Oscillospiraceae","UCG-002"
"ASV1444","Bacteria","Proteobacteria","Gammaproteobacteria","Enterobacterales","Pasteurellaceae","Haemophilus"
"ASV1445","Bacteria","Proteobacteria","Gammaproteobacteria","Enterobacterales","Enterobacteriaceae","Escherichia-Shigella"
"ASV1446","Bacteria","Bacteroidota","Bacteroidia","Chitinophagales","Saprospiraceae",NA
"ASV1447","Bacteria","Proteobacteria","Alphaproteobacteria","Sphingomonadales","Sphingomonadaceae","Sphingomonas"
"ASV1448","Bacteria","Firmicutes","Bacilli","Bacillales","Bacillaceae","Bacillus"
"ASV1449","Bacteria","Proteobacteria","Alphaproteobacteria","Sphingomonadales","Sphingomonadaceae","Sphingomonas"
"ASV1450","Bacteria","Cyanobacteria","Cyanobacteriia","Cyanobacteriales","Chroococcidiopsaceae","Chroococcidiopsis SAG 2023"
"ASV1451","Bacteria","Proteobacteria","Gammaproteobacteria","Pseudomonadales","Moraxellaceae","Alkanindiges"
"ASV1452","Bacteria","Proteobacteria","Gammaproteobacteria","Pseudomonadales","Pseudomonadaceae",NA
"ASV1453","Bacteria","Bacteroidota","Bacteroidia","Bacteroidales","Prevotellaceae","Prevotella_7"
"ASV1454","Bacteria","Firmicutes","Clostridia","Peptostreptococcales-Tissierellales","Family XI","Finegoldia"
"ASV1455","Bacteria","Actinobacteriota","Actinobacteria","Micrococcales","Micrococcaceae","Kocuria"
"ASV1456","Bacteria","Firmicutes","Bacilli","Lactobacillales","Lactobacillaceae","Lactobacillus"
"ASV1457","Bacteria","Firmicutes","Bacilli","Lactobacillales","Lactobacillaceae","Ligilactobacillus"
"ASV1458","Bacteria","Actinobacteriota","Actinobacteria","Micrococcales","Micrococcaceae","Rothia"
"ASV1459","Bacteria","Firmicutes","Clostridia","Christensenellales","Christensenellaceae","Christensenellaceae R-7 group"
"ASV1460","Bacteria","Fusobacteriota","Fusobacteriia","Fusobacteriales","Leptotrichiaceae","Leptotrichia"
"ASV1461","Bacteria","Proteobacteria","Gammaproteobacteria","Pseudomonadales","Pseudomonadaceae",NA
"ASV1462","Bacteria","Deinococcota","Deinococci","Deinococcales","Deinococcaceae","Deinococcus"
"ASV1463","Bacteria","Firmicutes","Bacilli","Staphylococcales","Staphylococcaceae","Staphylococcus"
"ASV1464","Bacteria","Actinobacteriota","Actinobacteria","Micrococcales","Dermacoccaceae","Kytococcus"
"ASV1465","Bacteria","Actinobacteriota","Actinobacteria","Pseudonocardiales","Pseudonocardiaceae","Saccharopolyspora"
"ASV1466","Bacteria","Proteobacteria","Gammaproteobacteria","Pseudomonadales","Moraxellaceae","Acinetobacter"
"ASV1467","Bacteria","Firmicutes","Bacilli","Lactobacillales","Carnobacteriaceae","Granulicatella"
"ASV1468","Bacteria","Firmicutes","Clostridia","Lachnospirales","Lachnospiraceae","Roseburia"
"ASV1469","Bacteria","Proteobacteria","Gammaproteobacteria","Burkholderiales","Oxalobacteraceae","Noviherbaspirillum"
"ASV1470","Bacteria","Proteobacteria","Alphaproteobacteria","Sphingomonadales","Sphingomonadaceae","Sphingomonas"
"ASV1471","Bacteria","Actinobacteriota","Actinobacteria","Bifidobacteriales","Bifidobacteriaceae","Scardovia"
"ASV1472","Bacteria","Proteobacteria","Gammaproteobacteria","Pseudomonadales","Pseudomonadaceae","Pseudomonas"
"ASV1473","Bacteria","Proteobacteria","Gammaproteobacteria","Burkholderiales","Neisseriaceae",NA
"ASV1474","Bacteria","Bacteroidota","Bacteroidia","Bacteroidales","Muribaculaceae",NA
"ASV1475","Bacteria","Proteobacteria","Gammaproteobacteria","Pseudomonadales","Pseudomonadaceae","Pseudomonas"
"ASV1476","Bacteria","Proteobacteria","Gammaproteobacteria","Burkholderiales","Neisseriaceae","Eikenella"
"ASV1477","Bacteria","Proteobacteria","Alphaproteobacteria","Rhodobacterales","Rhodobacteraceae","Gemmobacter"
"ASV1478","Bacteria","Bacteroidota","Bacteroidia","Bacteroidales","Porphyromonadaceae","Porphyromonas"
"ASV1479","Bacteria","Proteobacteria","Gammaproteobacteria","Xanthomonadales","Xanthomonadaceae","Luteimonas"
"ASV1480","Bacteria","Firmicutes","Bacilli","Bacillales","Planococcaceae",NA
"ASV1481","Bacteria","Actinobacteriota","Actinobacteria","Micrococcales","Bogoriellaceae","Georgenia"
"ASV1482","Bacteria","Actinobacteriota","Actinobacteria","Pseudonocardiales","Pseudonocardiaceae","Prauserella"
"ASV1483","Bacteria","Actinobacteriota","Actinobacteria","Micrococcales","Micrococcaceae","Arthrobacter"
"ASV1484","Bacteria","Actinobacteriota","Actinobacteria","Corynebacteriales","Corynebacteriaceae","Corynebacterium"
"ASV1485","Bacteria","Bacteroidota","Bacteroidia","Bacteroidales","Prevotellaceae","Prevotellaceae NK3B31 group"
"ASV1486","Bacteria","Firmicutes","Bacilli","Lactobacillales","Streptococcaceae","Streptococcus"
"ASV1487","Bacteria","Firmicutes","Bacilli","Lactobacillales","Aerococcaceae","Aerosphaera"
"ASV1488","Bacteria","Actinobacteriota","Actinobacteria","Micrococcales","Micrococcaceae","Kocuria"
"ASV1489","Bacteria","Bacteroidota","Bacteroidia","Bacteroidales","Prevotellaceae","Prevotella"
"ASV1490","Bacteria","Deinococcota","Deinococci","Deinococcales","Deinococcaceae","Deinococcus"
"ASV1491","Bacteria","Actinobacteriota","Actinobacteria","Actinomycetales","Actinomycetaceae","Mobiluncus"
"ASV1492","Bacteria","Deinococcota","Deinococci","Thermales","Thermaceae","Thermus"
"ASV1493","Bacteria","Firmicutes","Bacilli","Lactobacillales","Streptococcaceae","Streptococcus"
"ASV1494","Bacteria","Proteobacteria","Gammaproteobacteria","Enterobacterales","Enterobacteriaceae",NA
"ASV1495","Bacteria","Bacteroidota","Bacteroidia","Flavobacteriales","Weeksellaceae","Cloacibacterium"
"ASV1496","Bacteria","Actinobacteriota","Actinobacteria","Propionibacteriales","Nocardioidaceae","Nocardioides"
"ASV1497","Bacteria","Proteobacteria","Alphaproteobacteria","Caulobacterales","Caulobacteraceae","Caulobacter"
"ASV1498","Bacteria","Proteobacteria","Gammaproteobacteria","Pseudomonadales","Pseudomonadaceae","Pseudomonas"
"ASV1499","Bacteria","Firmicutes","Bacilli","Bacillales","Bacillaceae","Virgibacillus"
"ASV1500","Bacteria","Firmicutes","Clostridia","Peptostreptococcales-Tissierellales","Family XI","Peptoniphilus"
"ASV1501","Bacteria","Fusobacteriota","Fusobacteriia","Fusobacteriales","Leptotrichiaceae","Leptotrichia"
"ASV1502","Bacteria","Proteobacteria","Gammaproteobacteria","Pseudomonadales","Moraxellaceae","Acinetobacter"
"ASV1503","Bacteria","Firmicutes","Bacilli","Lactobacillales","Lactobacillaceae","Companilactobacillus"
"ASV1504","Bacteria","Proteobacteria","Alphaproteobacteria","Rickettsiales","Mitochondria",NA
"ASV1505","Bacteria","Actinobacteriota","Actinobacteria","Propionibacteriales","Nocardioidaceae","Nocardioides"
"ASV1506","Bacteria","Proteobacteria","Gammaproteobacteria","Enterobacterales","Enterobacteriaceae","Escherichia-Shigella"
"ASV1507","Bacteria","Firmicutes","Bacilli","Staphylococcales","Gemellaceae","Gemella"
"ASV1508","Bacteria","Actinobacteriota","Actinobacteria","Micrococcales","Intrasporangiaceae","Knoellia"
"ASV1509","Bacteria","Proteobacteria","Gammaproteobacteria","Burkholderiales","Burkholderiaceae","Lautropia"
"ASV1510","Bacteria","Proteobacteria","Gammaproteobacteria","Burkholderiales","Comamonadaceae","Hydrogenophaga"
"ASV1511","Bacteria","Bacteroidota","Bacteroidia","Sphingobacteriales","Sphingobacteriaceae","Pedobacter"
"ASV1512","Bacteria","Spirochaetota","Spirochaetia","Spirochaetales","Spirochaetaceae","Treponema"
"ASV1513","Bacteria","Proteobacteria","Gammaproteobacteria","Burkholderiales","Comamonadaceae","Tepidimonas"
"ASV1514","Bacteria","Firmicutes","Bacilli","Bacillales","Planococcaceae","Planococcus"
"ASV1515","Bacteria","Firmicutes","Bacilli","Bacillales","Bacillaceae","Terribacillus"
"ASV1516","Bacteria","Firmicutes","Bacilli","Bacillales","Planococcaceae","Solibacillus"
"ASV1517","Bacteria","Proteobacteria","Gammaproteobacteria","Burkholderiales","Oxalobacteraceae",NA
"ASV1518","Bacteria","Cyanobacteria","Cyanobacteriia","Chloroplast",NA,NA
"ASV1519","Bacteria","Firmicutes","Clostridia","Peptostreptococcales-Tissierellales","Family XI","Ezakiella"
"ASV1520","Bacteria","Actinobacteriota","Actinobacteria","Frankiales","Geodermatophilaceae","Modestobacter"
"ASV1521","Bacteria","Actinobacteriota","Actinobacteria","Actinomycetales","Actinomycetaceae","Actinotignum"
"ASV1522","Bacteria","Firmicutes","Bacilli","Lactobacillales","Lactobacillaceae","Ligilactobacillus"
"ASV1523","Bacteria","Actinobacteriota","Coriobacteriia","Coriobacteriales","Eggerthellaceae",NA
"ASV1524","Bacteria","Proteobacteria","Gammaproteobacteria","Burkholderiales","Comamonadaceae",NA
"ASV1525","Bacteria","Firmicutes","Bacilli","Bacillales","Bacillaceae","Falsibacillus"
"ASV1526","Bacteria","Firmicutes","Clostridia","Peptostreptococcales-Tissierellales","Peptostreptococcaceae","Criibacterium"
"ASV1527","Bacteria","Gemmatimonadota","Gemmatimonadetes","Gemmatimonadales","Gemmatimonadaceae",NA
"ASV1528","Bacteria","Proteobacteria","Gammaproteobacteria","Pseudomonadales","Halomonadaceae","Halomonas"
"ASV1529","Bacteria","Proteobacteria","Alphaproteobacteria","Rhizobiales","Rhizobiaceae","Neorhizobium"
"ASV1530","Bacteria","Proteobacteria","Alphaproteobacteria","Sphingomonadales","Sphingomonadaceae","Sphingomonas"
"ASV1531","Bacteria","Bacteroidota","Bacteroidia","Sphingobacteriales","Sphingobacteriaceae","Sphingobacterium"
"ASV1532","Bacteria","Proteobacteria","Gammaproteobacteria","Pseudomonadales","Pseudomonadaceae","Pseudomonas"
"ASV1533","Bacteria","Proteobacteria","Gammaproteobacteria","Pseudomonadales","Pseudomonadaceae",NA
"ASV1534","Bacteria","Proteobacteria","Gammaproteobacteria","Burkholderiales","Methylophilaceae","Methylophilus"
"ASV1535","Bacteria","Proteobacteria","Gammaproteobacteria","Pseudomonadales","Pseudomonadaceae",NA
"ASV1536","Bacteria","Proteobacteria","Gammaproteobacteria","Burkholderiales","Burkholderiaceae","Lautropia"
"ASV1537","Bacteria","Bacteroidota","Bacteroidia","Bacteroidales","Prevotellaceae","Prevotella_7"
"ASV1538","Bacteria","Proteobacteria","Gammaproteobacteria","Burkholderiales","Comamonadaceae","Tepidimonas"
"ASV1539","Bacteria","Firmicutes","Bacilli","Lactobacillales","Streptococcaceae","Streptococcus"
"ASV1540","Bacteria","Fusobacteriota","Fusobacteriia","Fusobacteriales","Fusobacteriaceae","Fusobacterium"
"ASV1541","Bacteria","Bacteroidota","Bacteroidia","Bacteroidales","Prevotellaceae","Prevotella_7"
"ASV1542","Bacteria","Deinococcota","Deinococci","Deinococcales","Deinococcaceae","Deinococcus"
"ASV1543","Bacteria","Firmicutes","Bacilli","Lactobacillales","Lactobacillaceae","Lactiplantibacillus"
"ASV1544","Bacteria","Bacteroidota","Bacteroidia","Flavobacteriales","Weeksellaceae","Moheibacter"
"ASV1545","Bacteria","Firmicutes","Bacilli","Lactobacillales","Streptococcaceae","Streptococcus"
"ASV1546","Bacteria","Firmicutes","Bacilli","Staphylococcales","Staphylococcaceae","Nosocomiicoccus"
"ASV1547","Bacteria","Bacteroidota","Bacteroidia","Bacteroidales","Prevotellaceae","Alloprevotella"
"ASV1548","Bacteria","Firmicutes","Bacilli","Lactobacillales","Aerococcaceae","Facklamia"
"ASV1549","Bacteria","Actinobacteriota","Actinobacteria","Bifidobacteriales","Bifidobacteriaceae","Gardnerella"
"ASV1550","Bacteria","Actinobacteriota","Actinobacteria","Micrococcales","Cellulomonadaceae","Actinotalea"
"ASV1551","Bacteria","Firmicutes","Clostridia","Peptostreptococcales-Tissierellales","Family XI","W5053"
"ASV1552","Bacteria","Firmicutes","Bacilli","Staphylococcales","Staphylococcaceae","Staphylococcus"
"ASV1553","Bacteria","Firmicutes","Bacilli","Lactobacillales","Streptococcaceae","Streptococcus"
"ASV1554","Bacteria","Firmicutes","Bacilli","Staphylococcales","Staphylococcaceae","Staphylococcus"
"ASV1555","Bacteria","Firmicutes","Bacilli","Thermoactinomycetales","Thermoactinomycetaceae","Thermoactinomyces"
"ASV1556","Bacteria","Firmicutes","Clostridia","Peptostreptococcales-Tissierellales","Family XI","Anaerococcus"
"ASV1557","Bacteria","Firmicutes","Clostridia","Peptostreptococcales-Tissierellales","Family XI","Finegoldia"
"ASV1558","Bacteria","Proteobacteria","Gammaproteobacteria","Pseudomonadales","Pseudomonadaceae","Pseudomonas"
"ASV1559","Bacteria","Firmicutes","Bacilli","Bacillales","Planococcaceae","Planomicrobium"
"ASV1560","Bacteria","Campylobacterota","Campylobacteria","Campylobacterales","Campylobacteraceae","Campylobacter"
"ASV1561","Bacteria","Synergistota","Synergistia","Synergistales","Synergistaceae","Fretibacterium"
"ASV1562","Bacteria","Actinobacteriota","Actinobacteria","Micrococcales","Dermabacteraceae","Dermabacter"
"ASV1563","Bacteria","Firmicutes","Bacilli","Erysipelotrichales","Erysipelotrichaceae","Bulleidia"
"ASV1564","Bacteria","Actinobacteriota","Actinobacteria","Micrococcales","Micrococcaceae","Rothia"
"ASV1565","Bacteria","Actinobacteriota","Actinobacteria","Propionibacteriales","Nocardioidaceae","Nocardioides"
"ASV1566","Bacteria","Actinobacteriota","Actinobacteria","Corynebacteriales","Nocardiaceae","Rhodococcus"
"ASV1567","Bacteria","Proteobacteria","Gammaproteobacteria","Pseudomonadales","Moraxellaceae","Acinetobacter"
"ASV1568","Bacteria","Proteobacteria","Alphaproteobacteria","Sphingomonadales","Sphingomonadaceae","Sphingomonas"
"ASV1569","Bacteria","Firmicutes","Clostridia","Peptostreptococcales-Tissierellales","Family XI","Parvimonas"
"ASV1570","Bacteria","Actinobacteriota","Actinobacteria","Micrococcales","Microbacteriaceae",NA
"ASV1571","Bacteria","Bacteroidota","Bacteroidia","Cytophagales","Spirosomaceae",NA
"ASV1572","Bacteria","Proteobacteria","Gammaproteobacteria","Enterobacterales","Enterobacteriaceae","Escherichia-Shigella"
"ASV1573","Bacteria","Proteobacteria","Alphaproteobacteria","Sphingomonadales","Sphingomonadaceae","Sphingopyxis"
"ASV1574","Bacteria","Actinobacteriota","Actinobacteria","Corynebacteriales","Nocardiaceae","Rhodococcus"
"ASV1575","Bacteria","Proteobacteria","Gammaproteobacteria","Burkholderiales","Comamonadaceae",NA
"ASV1576","Bacteria","Firmicutes","Bacilli","Lactobacillales","Lactobacillaceae","Liquorilactobacillus"
"ASV1577","Bacteria","Bacteroidota","Bacteroidia","Bacteroidales","Porphyromonadaceae","Porphyromonas"
"ASV1578","Bacteria","Firmicutes","Bacilli","Lactobacillales","Streptococcaceae","Streptococcus"
"ASV1579","Bacteria","Actinobacteriota","Actinobacteria","Kineosporiales","Kineosporiaceae","Kineococcus"
"ASV1580","Bacteria","Proteobacteria","Alphaproteobacteria","Rhizobiales","Beijerinckiaceae","Methylobacterium-Methylorubrum"
"ASV1581","Bacteria","Proteobacteria","Gammaproteobacteria","Pseudomonadales","Pseudomonadaceae","Pseudomonas"
"ASV1582","Bacteria","Firmicutes","Bacilli","Lactobacillales","Aerococcaceae","Aerococcus"
"ASV1583","Bacteria","Proteobacteria","Gammaproteobacteria","Xanthomonadales","Xanthomonadaceae","Thermomonas"
"ASV1584","Bacteria","Firmicutes","Negativicutes","Veillonellales-Selenomonadales","Veillonellaceae","Megasphaera"
"ASV1585","Bacteria","Proteobacteria","Gammaproteobacteria","Enterobacterales","Erwiniaceae",NA
"ASV1586","Bacteria","Firmicutes","Bacilli","Bacillales","Bacillaceae","Ureibacillus"
"ASV1587","Bacteria","Bacteroidota","Bacteroidia","Sphingobacteriales","Sphingobacteriaceae","Nubsella"
"ASV1588","Bacteria","Firmicutes","Bacilli","Lactobacillales","Carnobacteriaceae","Atopostipes"
"ASV1589","Bacteria","Proteobacteria","Alphaproteobacteria","Sphingomonadales","Sphingomonadaceae","Sphingomonas"
"ASV1590","Bacteria","Firmicutes","Bacilli","Lactobacillales","Enterococcaceae","Enterococcus"
"ASV1591","Bacteria","Proteobacteria","Gammaproteobacteria","Burkholderiales","Comamonadaceae",NA
"ASV1592","Bacteria","Proteobacteria","Gammaproteobacteria","Enterobacterales","Pasteurellaceae","Haemophilus"
"ASV1593","Bacteria","Firmicutes","Bacilli","Lactobacillales","Carnobacteriaceae","Atopostipes"
"ASV1594","Bacteria","Bacteroidota","Bacteroidia","Bacteroidales","Prevotellaceae","Prevotella"
"ASV1595","Bacteria","Proteobacteria","Gammaproteobacteria","Enterobacterales","Enterobacteriaceae",NA
"ASV1596","Bacteria","Actinobacteriota","Actinobacteria","Actinomycetales","Actinomycetaceae","Actinomyces"
"ASV1597","Bacteria","Proteobacteria","Alphaproteobacteria","Rhizobiales","Beijerinckiaceae","Bosea"
"ASV1598","Bacteria","Proteobacteria","Alphaproteobacteria","Sphingomonadales","Sphingomonadaceae","Sphingomonas"
"ASV1599","Bacteria","Proteobacteria","Alphaproteobacteria","Rhizobiales","Xanthobacteraceae","Pseudolabrys"
"ASV1600","Bacteria","Actinobacteriota","Actinobacteria","Corynebacteriales","Corynebacteriaceae","Turicella"
"ASV1601","Bacteria","Firmicutes","Bacilli","Lactobacillales","Lactobacillaceae","Lactobacillus"
"ASV1602","Bacteria","Firmicutes","Bacilli","Staphylococcales","Gemellaceae","Gemella"
"ASV1603","Bacteria","Actinobacteriota","Actinobacteria","Corynebacteriales","Mycobacteriaceae","Mycobacterium"
"ASV1604","Bacteria","Actinobacteriota","Actinobacteria","Micrococcales","Micrococcaceae","Kocuria"
"ASV1605","Bacteria","Actinobacteriota","Actinobacteria","Bifidobacteriales","Bifidobacteriaceae","Gardnerella"
"ASV1606","Bacteria","Firmicutes","Bacilli","Bacillales","Planococcaceae","Solibacillus"
"ASV1607","Bacteria","Proteobacteria","Gammaproteobacteria","Xanthomonadales","Xanthomonadaceae","Lysobacter"
"ASV1608","Bacteria","Proteobacteria","Gammaproteobacteria","Enterobacterales","Pasteurellaceae","Haemophilus"
"ASV1609","Bacteria","Proteobacteria","Gammaproteobacteria","Enterobacterales","Enterobacteriaceae","Escherichia-Shigella"
"ASV1610","Bacteria","Firmicutes","Clostridia","Oscillospirales","UCG-010",NA
"ASV1611","Bacteria","Proteobacteria","Gammaproteobacteria","Enterobacterales","Enterobacteriaceae","Escherichia-Shigella"
"ASV1612","Bacteria","Firmicutes","Bacilli","Staphylococcales","Staphylococcaceae","Staphylococcus"
"ASV1613","Bacteria","Proteobacteria","Alphaproteobacteria","Rickettsiales","Mitochondria",NA
"ASV1614","Bacteria","Proteobacteria","Gammaproteobacteria","Enterobacterales","Pasteurellaceae","Necropsobacter"
"ASV1615","Bacteria","Proteobacteria","Alphaproteobacteria","Azospirillales","Azospirillaceae","Azospirillum"
"ASV1616","Bacteria","Planctomycetota","Planctomycetes","Gemmatales","Gemmataceae",NA
"ASV1617","Bacteria","Actinobacteriota","Actinobacteria","Micrococcales","Microbacteriaceae","Marisediminicola"
"ASV1618","Bacteria","Bacteroidota","Bacteroidia","Sphingobacteriales","KD3-93",NA
"ASV1619","Bacteria","Proteobacteria","Gammaproteobacteria","Burkholderiales","Rhodocyclaceae","Thauera"
"ASV1620","Bacteria",NA,NA,NA,NA,NA
"ASV1621","Bacteria","Proteobacteria","Gammaproteobacteria","Burkholderiales","Neisseriaceae","Neisseria"
"ASV1622","Bacteria","Firmicutes","Bacilli","Bacillales","Planococcaceae",NA
"ASV1623","Bacteria","Bacteroidota","Bacteroidia","Bacteroidales","Tannerellaceae","Parabacteroides"
"ASV1624","Bacteria","Bacteroidota","Bacteroidia","Cytophagales","Hymenobacteraceae","Hymenobacter"
"ASV1625","Eukaryota",NA,NA,NA,NA,NA
"ASV1626","Bacteria","Actinobacteriota","Thermoleophilia","Gaiellales","Gaiellaceae","Gaiella"
"ASV1627","Bacteria","Proteobacteria","Alphaproteobacteria","Azospirillales","Azospirillaceae","Niveispirillum"
"ASV1628","Bacteria","Bacteroidota","Bacteroidia","Bacteroidales","Prevotellaceae",NA
"ASV1629","Bacteria","Proteobacteria","Gammaproteobacteria","Nitrococcales","Nitrococcaceae","Arhodomonas"
"ASV1630","Bacteria","Proteobacteria","Gammaproteobacteria","Enterobacterales","Erwiniaceae","Pantoea"
"ASV1631","Bacteria","Firmicutes","Bacilli","Bacillales","Planococcaceae","Solibacillus"
"ASV1632","Bacteria","Firmicutes","Bacilli","Lactobacillales","Lactobacillaceae","Lactobacillus"
"ASV1633","Bacteria","Firmicutes","Clostridia","Oscillospirales","Ruminococcaceae","Subdoligranulum"
"ASV1634","Bacteria","Actinobacteriota","Actinobacteria","Corynebacteriales","Corynebacteriaceae",NA
"ASV1635","Bacteria","Actinobacteriota","Coriobacteriia","Coriobacteriales","Atopobiaceae","Atopobium"
"ASV1636","Bacteria","Proteobacteria","Alphaproteobacteria","Rhizobiales","Beijerinckiaceae",NA
"ASV1637","Bacteria","Deinococcota","Deinococci","Deinococcales","Deinococcaceae","Deinococcus"
"ASV1638","Bacteria","Chloroflexi","OLB14",NA,NA,NA
"ASV1639","Bacteria","Proteobacteria","Gammaproteobacteria","Burkholderiales","Comamonadaceae","Aquabacterium"
"ASV1640","Bacteria","Proteobacteria","Gammaproteobacteria","Xanthomonadales","Rhodanobacteraceae","Frateuria"
"ASV1641","Bacteria","Firmicutes","Bacilli","Lactobacillales","Streptococcaceae","Streptococcus"
"ASV1642","Bacteria","Actinobacteriota","Actinobacteria","Propionibacteriales","Nocardioidaceae","Marmoricola"
"ASV1643","Bacteria","Proteobacteria","Alphaproteobacteria","Rhodobacterales","Rhodobacteraceae","Amaricoccus"
"ASV1644","Bacteria","Bacteroidota","Bacteroidia","Bacteroidales","Muribaculaceae",NA
"ASV1645","Bacteria","Proteobacteria","Alphaproteobacteria","Rickettsiales","Mitochondria",NA
"ASV1646","Bacteria","Firmicutes","Negativicutes","Veillonellales-Selenomonadales","Veillonellaceae","Veillonella"
"ASV1647","Bacteria","Fusobacteriota","Fusobacteriia","Fusobacteriales","Fusobacteriaceae","Fusobacterium"
"ASV1648","Bacteria","Firmicutes","Clostridia","Lachnospirales","Lachnospiraceae","Lachnospiraceae NK3A20 group"
"ASV1649","Bacteria","Proteobacteria","Gammaproteobacteria","Pseudomonadales","Pseudomonadaceae","Pseudomonas"
"ASV1650","Bacteria","Proteobacteria","Gammaproteobacteria","Xanthomonadales","Xanthomonadaceae","Xanthomonas"
"ASV1651","Bacteria","Proteobacteria","Alphaproteobacteria","Acetobacterales","Acetobacteraceae","Belnapia"
"ASV1652","Bacteria","Gemmatimonadota","Gemmatimonadetes","Gemmatimonadales","Gemmatimonadaceae","Gemmatimonas"
"ASV1653","Bacteria","Firmicutes","Bacilli","Lactobacillales","Carnobacteriaceae","Atopostipes"
"ASV1654","Bacteria","Actinobacteriota","Thermoleophilia","Solirubrobacterales","Solirubrobacteraceae","Parviterribacter"
"ASV1655","Bacteria","Proteobacteria","Alphaproteobacteria","Rhodobacterales","Rhodobacteraceae","Rubellimicrobium"
"ASV1656","Bacteria","Proteobacteria","Gammaproteobacteria","Xanthomonadales","Xanthomonadaceae","Pseudoxanthomonas"
"ASV1657","Bacteria","Firmicutes","Clostridia","Peptostreptococcales-Tissierellales","Family XI","Anaerococcus"
"ASV1658","Bacteria","Actinobacteriota","Actinobacteria","Corynebacteriales","Corynebacteriaceae","Lawsonella"
"ASV1659","Bacteria","Proteobacteria","Alphaproteobacteria","Rhodobacterales","Rhodobacteraceae","Paracoccus"
"ASV1660","Bacteria","Proteobacteria","Gammaproteobacteria","Burkholderiales","Neisseriaceae","Neisseria"
"ASV1661","Bacteria","Firmicutes","Bacilli","Lactobacillales","Lactobacillaceae","Leuconostoc"
"ASV1662","Bacteria","Deinococcota","Deinococci","Deinococcales","Deinococcaceae","Deinococcus"
"ASV1663","Bacteria","Proteobacteria","Alphaproteobacteria","Rhizobiales","A0839",NA
"ASV1664","Bacteria","Proteobacteria","Alphaproteobacteria","Rhizobiales","Devosiaceae","Devosia"
"ASV1665","Bacteria","Proteobacteria","Gammaproteobacteria","Burkholderiales","Oxalobacteraceae","Herbaspirillum"
"ASV1666","Bacteria","Actinobacteriota","Coriobacteriia","Coriobacteriales","Eggerthellaceae","DNF00809"
"ASV1667","Bacteria","Bacteroidota","Bacteroidia","Flavobacteriales","Flavobacteriaceae","Flavobacterium"
"ASV1668","Bacteria","Bacteroidota","Bacteroidia","Bacteroidales","Porphyromonadaceae","Porphyromonas"
"ASV1669","Bacteria","Actinobacteriota","Actinobacteria","Micrococcales","Microbacteriaceae","Leucobacter"
"ASV1670","Bacteria","Proteobacteria","Gammaproteobacteria","Enterobacterales","Alteromonadaceae","Alishewanella"
"ASV1671","Bacteria","Actinobacteriota","Thermoleophilia","Solirubrobacterales","Solirubrobacteraceae","Solirubrobacter"
"ASV1672","Bacteria","Bacteroidota","Bacteroidia","Bacteroidales","Prevotellaceae","Prevotella_7"
"ASV1673","Bacteria","Actinobacteriota","Thermoleophilia","Solirubrobacterales","Solirubrobacteraceae","Solirubrobacter"
"ASV1674","Bacteria","Bacteroidota","Bacteroidia","Cytophagales","Spirosomaceae","Dyadobacter"
"ASV1675","Bacteria","Firmicutes","Bacilli","Bacillales","Planococcaceae","Sporosarcina"
"ASV1676","Bacteria","Actinobacteriota","Actinobacteria","Micrococcales","Microbacteriaceae",NA
"ASV1677","Bacteria","Proteobacteria","Alphaproteobacteria","Acetobacterales","Acetobacteraceae","Roseomonas"
"ASV1678","Bacteria","Actinobacteriota","Actinobacteria","Corynebacteriales","Corynebacteriaceae","Corynebacterium"
"ASV1679","Bacteria","Cyanobacteria","Cyanobacteriia","Chloroplast",NA,NA
"ASV1680","Bacteria","Firmicutes","Bacilli","Bacillales","Planococcaceae","Rummeliibacillus"
"ASV1681","Bacteria","Spirochaetota","Spirochaetia","Spirochaetales","Spirochaetaceae","Treponema"
"ASV1682","Bacteria","Actinobacteriota","Acidimicrobiia",NA,NA,NA
"ASV1683","Bacteria","Chloroflexi","Chloroflexia","Kallotenuales","AKIW781",NA
"ASV1684","Bacteria","Firmicutes","Bacilli","Lactobacillales","Streptococcaceae","Streptococcus"
"ASV1685","Bacteria","Proteobacteria","Alphaproteobacteria","Caulobacterales","Caulobacteraceae","Phenylobacterium"
"ASV1686","Bacteria","Firmicutes","Bacilli","Lactobacillales","Lactobacillaceae","Ligilactobacillus"
"ASV1687","Bacteria","Firmicutes","Clostridia","Clostridiales","Clostridiaceae","Clostridium sensu stricto 10"
"ASV1688","Bacteria","Bacteroidota","Bacteroidia","Sphingobacteriales","AKYH767",NA
"ASV1689","Bacteria","Bacteroidota","Bacteroidia","Sphingobacteriales","Sphingobacteriaceae","Solitalea"
"ASV1690","Bacteria","Firmicutes","Bacilli","Erysipelotrichales","Erysipelotrichaceae","Solobacterium"
"ASV1691","Bacteria","Firmicutes","Clostridia","Peptostreptococcales-Tissierellales","Family XI","Anaerococcus"
"ASV1692","Bacteria","Bacteroidota","Bacteroidia","Flavobacteriales","Weeksellaceae","Cloacibacterium"
"ASV1693","Bacteria","Proteobacteria","Gammaproteobacteria","Burkholderiales","Comamonadaceae","Comamonas"
"ASV1694","Bacteria","Proteobacteria","Alphaproteobacteria","Rickettsiales","Mitochondria",NA
"ASV1695","Bacteria","Planctomycetota","Planctomycetes","Planctomycetales","Rubinisphaeraceae","Planctomicrobium"
"ASV1696","Bacteria","Proteobacteria","Gammaproteobacteria","Burkholderiales","Burkholderiaceae","Ralstonia"
"ASV1697","Bacteria","Firmicutes","Bacilli","Lactobacillales","Lactobacillaceae","Lactobacillus"
"ASV1698","Bacteria","Planctomycetota","Planctomycetes","Isosphaerales","Isosphaeraceae",NA
"ASV1699","Bacteria","Firmicutes","Bacilli","Staphylococcales","Staphylococcaceae","Staphylococcus"
"ASV1700","Bacteria","Firmicutes","Negativicutes","Veillonellales-Selenomonadales","Veillonellaceae","Veillonella"
"ASV1701","Bacteria","Proteobacteria","Gammaproteobacteria","Enterobacterales","Pasteurellaceae","Haemophilus"
"ASV1702","Bacteria","Proteobacteria","Gammaproteobacteria","Enterobacterales","Enterobacteriaceae","Escherichia-Shigella"
"ASV1703","Bacteria","Actinobacteriota","Actinobacteria","Corynebacteriales","Dietziaceae","Dietzia"
"ASV1704","Bacteria","Actinobacteriota","Coriobacteriia","Coriobacteriales","Coriobacteriaceae","Collinsella"
"ASV1705","Bacteria","Bacteroidota","Bacteroidia","Chitinophagales","Saprospiraceae","Membranicola"
"ASV1706","Bacteria","Proteobacteria","Gammaproteobacteria","Burkholderiales","Comamonadaceae",NA
"ASV1707","Bacteria","Proteobacteria","Alphaproteobacteria","Rickettsiales","Mitochondria",NA
"ASV1708","Bacteria","Proteobacteria","Alphaproteobacteria","Sphingomonadales","Sphingomonadaceae","Sphingomonas"
"ASV1709","Bacteria","Proteobacteria","Gammaproteobacteria","Pseudomonadales","Pseudomonadaceae","Pseudomonas"
"ASV1710","Bacteria","Firmicutes","Bacilli","Lactobacillales","Carnobacteriaceae","Atopostipes"
"ASV1711","Bacteria","Bacteroidota","Bacteroidia","Cytophagales","Microscillaceae","OLB12"
"ASV1712","Bacteria","Firmicutes","Bacilli","Lactobacillales","Aerococcaceae","Facklamia"
"ASV1713","Bacteria","Proteobacteria","Gammaproteobacteria","Burkholderiales","Hydrogenophilaceae","Tepidiphilus"
"ASV1714","Bacteria","Firmicutes","Clostridia","Oscillospirales","[Eubacterium] coprostanoligenes group",NA
"ASV1715","Bacteria","Proteobacteria","Gammaproteobacteria","Pseudomonadales","Pseudomonadaceae","Pseudomonas"
"ASV1716","Bacteria","Proteobacteria","Gammaproteobacteria","Pseudomonadales","Pseudomonadaceae","Pseudomonas"
"ASV1717","Bacteria","Proteobacteria","Alphaproteobacteria","Rhizobiales","Beijerinckiaceae","Methylobacterium-Methylorubrum"
"ASV1718","Bacteria","Bacteroidota","Bacteroidia","Bacteroidales","Porphyromonadaceae","Porphyromonas"
"ASV1719","Bacteria","Bacteroidota","Bacteroidia","Bacteroidales","Prevotellaceae","Prevotella_7"
"ASV1720","Bacteria","Deinococcota","Deinococci","Deinococcales","Deinococcaceae","Deinococcus"
"ASV1721","Bacteria","Firmicutes","Bacilli","Bacillales","Bacillaceae","Geobacillus"
"ASV1722","Bacteria","Firmicutes","Bacilli","Lactobacillales","Streptococcaceae","Streptococcus"
"ASV1723","Bacteria","Actinobacteriota","Actinobacteria","Micrococcales","Bogoriellaceae","Georgenia"
"ASV1724","Bacteria","Actinobacteriota","Actinobacteria","Corynebacteriales","Corynebacteriaceae","Corynebacterium"
"ASV1725","Bacteria","Proteobacteria","Gammaproteobacteria","Enterobacterales","Pasteurellaceae","Aggregatibacter"
"ASV1726","Bacteria","Firmicutes","Clostridia","Peptostreptococcales-Tissierellales","Anaerovoracaceae","Anaerovorax"
"ASV1727","Bacteria","Proteobacteria","Gammaproteobacteria","Pseudomonadales","Pseudomonadaceae","Pseudomonas"
"ASV1728","Bacteria","Bacteroidota","Bacteroidia","Bacteroidales","Prevotellaceae","Prevotella"
"ASV1729","Bacteria","Acidobacteriota","Acidobacteriae","Acidobacteriales","Acidobacteriaceae (Subgroup 1)","Terriglobus"
"ASV1730","Bacteria","Firmicutes","Bacilli","Lactobacillales","Streptococcaceae","Streptococcus"
"ASV1731","Bacteria","Actinobacteriota","Actinobacteria","Corynebacteriales","Mycobacteriaceae","Mycobacterium"
"ASV1732","Bacteria","Fusobacteriota","Fusobacteriia","Fusobacteriales","Leptotrichiaceae","Leptotrichia"
"ASV1733","Bacteria","Patescibacteria","Gracilibacteria","Absconditabacteriales (SR1)",NA,NA
"ASV1734","Bacteria","Actinobacteriota","Actinobacteria","Micrococcales","Micrococcaceae","Citricoccus"
"ASV1735","Bacteria","Proteobacteria","Gammaproteobacteria","Xanthomonadales","Xanthomonadaceae","Pseudoxanthomonas"
"ASV1736","Bacteria","Gemmatimonadota","Gemmatimonadetes","Gemmatimonadales","Gemmatimonadaceae",NA
"ASV1737","Bacteria","Firmicutes","Bacilli","Lactobacillales",NA,NA
"ASV1738","Bacteria","Actinobacteriota","Thermoleophilia","Solirubrobacterales","Solirubrobacteraceae",NA
"ASV1739","Bacteria","Desulfobacterota","Desulfovibrionia","Desulfovibrionales","Desulfovibrionaceae","Bilophila"
"ASV1740","Bacteria","Actinobacteriota","Actinobacteria","Frankiales","Geodermatophilaceae","Blastococcus"
"ASV1741","Bacteria","Deinococcota","Deinococci","Deinococcales","Deinococcaceae","Deinococcus"
"ASV1742","Bacteria","Proteobacteria","Gammaproteobacteria","Enterobacterales","Enterobacteriaceae",NA
"ASV1743","Bacteria","Proteobacteria","Gammaproteobacteria","Xanthomonadales","Xanthomonadaceae","Stenotrophomonas"
"ASV1744","Bacteria","Bacteroidota","Bacteroidia","Flavobacteriales","Weeksellaceae","Bergeyella"
"ASV1745","Bacteria","Proteobacteria","Gammaproteobacteria","Pseudomonadales","Moraxellaceae","Enhydrobacter"
"ASV1746","Bacteria","Firmicutes","Clostridia","Oscillospirales",NA,NA
"ASV1747","Bacteria","Actinobacteriota","Actinobacteria","Micrococcales","Micrococcaceae","Micrococcus"
"ASV1748","Bacteria","Actinobacteriota","Actinobacteria",NA,NA,NA
"ASV1749","Bacteria","Actinobacteriota","Actinobacteria","Micrococcales","Cellulomonadaceae","Cellulomonas"
"ASV1750","Bacteria","Proteobacteria","Gammaproteobacteria","Enterobacterales","Pasteurellaceae","Haemophilus"
"ASV1751","Bacteria","Proteobacteria","Alphaproteobacteria","Rhodobacterales","Rhodobacteraceae","Paracoccus"
"ASV1752","Bacteria","Proteobacteria","Gammaproteobacteria","Burkholderiales","Comamonadaceae","Ramlibacter"
"ASV1753","Bacteria","Latescibacterota",NA,NA,NA,NA
"ASV1754","Bacteria","Proteobacteria","Gammaproteobacteria","Xanthomonadales","Xanthomonadaceae","Stenotrophomonas"
"ASV1755","Bacteria","Actinobacteriota","Actinobacteria","Corynebacteriales","Corynebacteriaceae","Corynebacterium"
"ASV1756","Bacteria","Firmicutes","Clostridia","Peptostreptococcales-Tissierellales","Family XI","Fenollaria"
"ASV1757","Bacteria","Firmicutes","Bacilli","Bacillales","Planococcaceae","Kurthia"
"ASV1758","Bacteria","Proteobacteria","Gammaproteobacteria","Burkholderiales","Oxalobacteraceae","Massilia"
"ASV1759","Bacteria","Proteobacteria","Alphaproteobacteria","Rhodobacterales","Rhodobacteraceae","Tabrizicola"
"ASV1760","Bacteria","Proteobacteria","Alphaproteobacteria","Rhizobiales","Beijerinckiaceae","Microvirga"
"ASV1761","Bacteria","Firmicutes","Clostridia","Peptostreptococcales-Tissierellales","Family XI","Anaerococcus"
"ASV1762","Bacteria","Proteobacteria","Gammaproteobacteria","Pseudomonadales","Moraxellaceae","Enhydrobacter"
"ASV1763","Bacteria","Firmicutes","Bacilli","Brevibacillales","Brevibacillaceae","Brevibacillus"
"ASV1764","Bacteria","Acidobacteriota","Blastocatellia",NA,NA,NA
"ASV1765","Bacteria","Proteobacteria","Gammaproteobacteria","Pseudomonadales","Moraxellaceae","Enhydrobacter"
"ASV1766","Bacteria","Actinobacteriota","Coriobacteriia","Coriobacteriales","Atopobiaceae","Olsenella"
"ASV1767","Bacteria","Bacteroidota","Bacteroidia","Sphingobacteriales","Sphingobacteriaceae",NA
"ASV1768","Bacteria","Actinobacteriota","Actinobacteria","Micrococcales","Micrococcaceae",NA
"ASV1769","Bacteria","Firmicutes","Bacilli","Staphylococcales","Staphylococcaceae","Salinicoccus"
"ASV1770","Bacteria","Proteobacteria","Gammaproteobacteria","Burkholderiales","Oxalobacteraceae","Massilia"
"ASV1771","Bacteria","Actinobacteriota","Actinobacteria","Micrococcales","Dermacoccaceae",NA
"ASV1772","Bacteria","Actinobacteriota","Actinobacteria","Actinomycetales","Actinomycetaceae","Actinomyces"
"ASV1773","Bacteria","Proteobacteria","Gammaproteobacteria","Burkholderiales","Oxalobacteraceae","Massilia"
"ASV1774","Bacteria","Firmicutes","Bacilli","Staphylococcales","Staphylococcaceae","Staphylococcus"
"ASV1775","Bacteria","Fusobacteriota","Fusobacteriia","Fusobacteriales","Leptotrichiaceae","Leptotrichia"
"ASV1776","Bacteria","Firmicutes","Bacilli","Staphylococcales","Staphylococcaceae","Salinicoccus"
"ASV1777","Bacteria","Actinobacteriota","Actinobacteria","Micrococcales","Intrasporangiaceae",NA
"ASV1778","Bacteria","Firmicutes","Clostridia","Peptostreptococcales-Tissierellales","Family XI","Anaerococcus"
"ASV1779","Bacteria","Actinobacteriota","Actinobacteria","Corynebacteriales","Corynebacteriaceae","Corynebacterium"
"ASV1780","Bacteria","Firmicutes","Bacilli","Lactobacillales","Aerococcaceae","Facklamia"
"ASV1781","Bacteria","Firmicutes","Clostridia","Oscillospirales","Oscillospiraceae","UCG-005"
"ASV1782","Bacteria","Actinobacteriota","Actinobacteria","Micrococcales","Microbacteriaceae","Curtobacterium"
"ASV1783","Bacteria","Bacteroidota","Bacteroidia","Bacteroidales","Prevotellaceae",NA
"ASV1784","Bacteria","Firmicutes","Bacilli","Lactobacillales","Carnobacteriaceae","Atopostipes"
"ASV1785","Bacteria","Actinobacteriota","Actinobacteria","Corynebacteriales","Mycobacteriaceae","Mycobacterium"
"ASV1786","Bacteria","Proteobacteria","Gammaproteobacteria","Pseudomonadales","Pseudomonadaceae",NA
"ASV1787","Bacteria","Firmicutes","Clostridia","Clostridiales","Clostridiaceae","Clostridium sensu stricto 1"
"ASV1788","Bacteria","Actinobacteriota","Thermoleophilia","Solirubrobacterales","67-14",NA
"ASV1789","Bacteria","Bacteroidota","Bacteroidia","Flavobacteriales","Weeksellaceae","Chryseobacterium"
"ASV1790","Bacteria","Bacteroidota","Bacteroidia","Bacteroidales","Prevotellaceae","Prevotella"
"ASV1791","Bacteria","Bacteroidota","Bacteroidia","Bacteroidales","Prevotellaceae",NA
"ASV1792","Bacteria","Proteobacteria","Alphaproteobacteria","Azospirillales","Azospirillaceae","Niveispirillum"
"ASV1793","Bacteria","Firmicutes","Bacilli","Lactobacillales","Lactobacillaceae",NA
"ASV1794","Bacteria","Bacteroidota","Bacteroidia","Chitinophagales","Chitinophagaceae",NA
"ASV1795","Bacteria","Proteobacteria","Gammaproteobacteria","Pseudomonadales","Moraxellaceae","Acinetobacter"
"ASV1796","Bacteria","Bacteroidota","Bacteroidia","Cytophagales","Hymenobacteraceae","Hymenobacter"
"ASV1797","Bacteria","Actinobacteriota","Actinobacteria","Micrococcales","Microbacteriaceae","Cryobacterium"
"ASV1798","Bacteria","Firmicutes","Bacilli","Bacillales","Bacillaceae","Geobacillus"
"ASV1799","Bacteria","Proteobacteria","Alphaproteobacteria","Rhizobiales","Beijerinckiaceae","Chelatococcus"
"ASV1800","Bacteria","Proteobacteria","Gammaproteobacteria","Enterobacterales","Pasteurellaceae","Haemophilus"
"ASV1801","Bacteria","Actinobacteriota","Coriobacteriia","Coriobacteriales","Atopobiaceae","Atopobium"
"ASV1802","Bacteria","Proteobacteria","Alphaproteobacteria","Sphingomonadales","Sphingomonadaceae","Ellin6055"
"ASV1803","Bacteria","Bacteroidota","Bacteroidia","Bacteroidales","Rikenellaceae","Rikenellaceae RC9 gut group"
"ASV1804","Bacteria","Actinobacteriota","Thermoleophilia","Gaiellales",NA,NA
"ASV1805","Bacteria","Firmicutes","Negativicutes","Veillonellales-Selenomonadales","Veillonellaceae","Veillonella"
"ASV1806","Bacteria","Proteobacteria","Gammaproteobacteria","Burkholderiales","Comamonadaceae",NA
"ASV1807","Bacteria","Bacteroidota","Bacteroidia","Flavobacteriales","Weeksellaceae","Moheibacter"
"ASV1808","Bacteria","Proteobacteria","Gammaproteobacteria","Xanthomonadales","Xanthomonadaceae","Luteimonas"
"ASV1809","Bacteria","Firmicutes","Clostridia","Lachnospirales","Lachnospiraceae","Oribacterium"
"ASV1810","Bacteria","Firmicutes","Bacilli","Bacillales","Planococcaceae","Planomicrobium"
"ASV1811","Bacteria","Bacteroidota","Bacteroidia","Flavobacteriales","Flavobacteriaceae","Flavobacterium"
"ASV1812","Bacteria","Chloroflexi","OLB14",NA,NA,NA
"ASV1813","Bacteria","Actinobacteriota","Actinobacteria","Micrococcales","Intrasporangiaceae","Ornithinicoccus"
"ASV1814","Bacteria","Proteobacteria","Gammaproteobacteria","Burkholderiales","Hydrogenophilaceae",NA
"ASV1815","Bacteria","Firmicutes","Bacilli","Bacillales","Planococcaceae","Kurthia"
"ASV1816","Bacteria","Proteobacteria","Gammaproteobacteria","Enterobacterales","Yersiniaceae","Yersinia"
"ASV1817","Bacteria","Actinobacteriota","Actinobacteria","Micrococcales","Dermatophilaceae","Kineosphaera"
"ASV1818","Bacteria","Proteobacteria","Gammaproteobacteria","Burkholderiales","Burkholderiaceae","Lautropia"
"ASV1819","Bacteria","Firmicutes","Negativicutes","Veillonellales-Selenomonadales","Selenomonadaceae","Selenomonas"
"ASV1820","Bacteria","Proteobacteria","Alphaproteobacteria","Rhizobiales","Rhizobiaceae",NA
"ASV1821","Bacteria","Fusobacteriota","Fusobacteriia","Fusobacteriales","Leptotrichiaceae","Leptotrichia"
"ASV1822","Bacteria","Firmicutes","Bacilli","Bacillales","Planococcaceae",NA
"ASV1823","Bacteria","Proteobacteria","Alphaproteobacteria","Acetobacterales","Acetobacteraceae","Acidisoma"
"ASV1824","Bacteria","Proteobacteria","Gammaproteobacteria","Enterobacterales","Enterobacteriaceae",NA
"ASV1825","Bacteria","Bacteroidota","Bacteroidia","Bacteroidales","Dysgonomonadaceae","Proteiniphilum"
"ASV1826","Bacteria","Firmicutes","Clostridia","Lachnospirales","Lachnospiraceae",NA
"ASV1827","Bacteria","Proteobacteria","Gammaproteobacteria","Xanthomonadales","Xanthomonadaceae","Vulcaniibacterium"
"ASV1828","Bacteria","Proteobacteria","Gammaproteobacteria","Burkholderiales","Hydrogenophilaceae","Tepidiphilus"
"ASV1829","Bacteria","Acidobacteriota","Vicinamibacteria","Vicinamibacterales",NA,NA
"ASV1830","Bacteria","Firmicutes","Bacilli","Lactobacillales","Aerococcaceae","Globicatella"
"ASV1831","Bacteria","Actinobacteriota","Actinobacteria","Micrococcales","Cellulomonadaceae","Cellulomonas"
"ASV1832","Bacteria","Planctomycetota","Planctomycetes","Pirellulales","Pirellulaceae","Rhodopirellula"
"ASV1833","Bacteria","Actinobacteriota","Coriobacteriia","Coriobacteriales","Eggerthellaceae","Slackia"
"ASV1834","Bacteria","Deinococcota","Deinococci","Deinococcales","Deinococcaceae","Deinococcus"
"ASV1835","Bacteria","Actinobacteriota","Actinobacteria","Corynebacteriales","Corynebacteriaceae","Lawsonella"
"ASV1836","Bacteria","Actinobacteriota","Actinobacteria","Corynebacteriales","Corynebacteriaceae","Corynebacterium"
"ASV1837","Bacteria","Proteobacteria","Alphaproteobacteria","Sphingomonadales","Sphingomonadaceae","Sphingomonas"
"ASV1838","Bacteria","Proteobacteria","Gammaproteobacteria","Enterobacterales","Enterobacteriaceae",NA
"ASV1839","Bacteria","Proteobacteria","Gammaproteobacteria","Pseudomonadales","Pseudomonadaceae","Pseudomonas"
"ASV1840","Bacteria","Firmicutes","Clostridia","Peptostreptococcales-Tissierellales","Family XI","Anaerococcus"
"ASV1841","Archaea","Euryarchaeota","Methanobacteria","Methanobacteriales","Methanobacteriaceae","Methanobrevibacter"
"ASV1842","Bacteria","Proteobacteria","Alphaproteobacteria","Rhodobacterales","Rhodobacteraceae",NA
"ASV1843","Bacteria","Proteobacteria","Gammaproteobacteria","Pseudomonadales","Moraxellaceae","Acinetobacter"
"ASV1844","Bacteria","Actinobacteriota","Coriobacteriia","Coriobacteriales","Eggerthellaceae","DNF00809"
"ASV1845","Bacteria","Actinobacteriota","Coriobacteriia","Coriobacteriales",NA,NA
"ASV1846","Bacteria","Actinobacteriota","Actinobacteria","Micrococcales","Micrococcaceae",NA
"ASV1847","Bacteria","Proteobacteria","Gammaproteobacteria","Burkholderiales","Comamonadaceae","Tepidimonas"
"ASV1848","Bacteria","Cyanobacteria","Cyanobacteriia","Cyanobacteriales","Chroococcidiopsaceae","Aliterella"
"ASV1849","Bacteria","Firmicutes","Bacilli","Lactobacillales","Streptococcaceae","Streptococcus"
"ASV1850","Bacteria","Bacteroidota","Bacteroidia","Flavobacteriales","Flavobacteriaceae","Capnocytophaga"
"ASV1851","Bacteria","Actinobacteriota","Actinobacteria","Micrococcales","Micrococcaceae","Arthrobacter"
"ASV1852","Bacteria","Bacteroidota","Bacteroidia","Sphingobacteriales","Sphingobacteriaceae","Pedobacter"
"ASV1853","Bacteria","Proteobacteria","Gammaproteobacteria","Burkholderiales","Burkholderiaceae",NA
"ASV1854","Bacteria","Actinobacteriota","Actinobacteria","Micrococcales","Micrococcaceae",NA
"ASV1855","Bacteria","Proteobacteria","Gammaproteobacteria","Burkholderiales","Burkholderiaceae","Limnobacter"
"ASV1856","Bacteria","Actinobacteriota","Actinobacteria","Corynebacteriales","Mycobacteriaceae","Mycobacterium"
"ASV1857","Bacteria","Firmicutes","Bacilli","Lactobacillales","Lactobacillaceae","Lactobacillus"
"ASV1858","Bacteria","Firmicutes","Clostridia","Peptostreptococcales-Tissierellales","Anaerovoracaceae","S5-A14a"
"ASV1859","Bacteria","Actinobacteriota","Actinobacteria","Micrococcales","Microbacteriaceae","Leifsonia"
"ASV1860","Bacteria","Firmicutes","Bacilli","Thermicanales","Thermicanaceae","Thermicanus"
"ASV1861","Bacteria","Bacteroidota","Bacteroidia","Cytophagales","Hymenobacteraceae","Hymenobacter"
"ASV1862","Bacteria","Proteobacteria","Gammaproteobacteria","Enterobacterales","Pasteurellaceae","Aggregatibacter"
"ASV1863","Bacteria","Actinobacteriota","Actinobacteria","Corynebacteriales","Corynebacteriaceae","Corynebacterium"
"ASV1864","Bacteria","Bacteroidota","Bacteroidia","Cytophagales","Hymenobacteraceae","Pontibacter"
"ASV1865","Bacteria","Bacteroidota","Bacteroidia","Flavobacteriales","Weeksellaceae","Empedobacter"
"ASV1866","Bacteria","Actinobacteriota","Actinobacteria","Actinomycetales","Actinomycetaceae","Actinomyces"
"ASV1867","Bacteria","Proteobacteria","Gammaproteobacteria","Enterobacterales","Pasteurellaceae","Haemophilus"
"ASV1868","Bacteria","Proteobacteria","Gammaproteobacteria","Burkholderiales","Comamonadaceae","Delftia"
"ASV1869","Bacteria","Proteobacteria","Gammaproteobacteria","Pseudomonadales","Pseudomonadaceae",NA
"ASV1870","Bacteria","Bacteroidota","Bacteroidia","Bacteroidales","Prevotellaceae","Prevotella_7"
"ASV1871","Bacteria","Bacteroidota","Bacteroidia","Bacteroidales","Bacteroidaceae","Bacteroides"
"ASV1872","Bacteria","Actinobacteriota","Actinobacteria","Propionibacteriales","Nocardioidaceae","Aeromicrobium"
"ASV1873","Bacteria","Bacteroidota","Bacteroidia","Bacteroidales","Prevotellaceae","Prevotella_7"
"ASV1874","Bacteria","Proteobacteria","Gammaproteobacteria","Burkholderiales","Neisseriaceae","Eikenella"
"ASV1875","Bacteria","Firmicutes","Clostridia","Oscillospirales","[Eubacterium] coprostanoligenes group",NA
"ASV1876","Bacteria","Proteobacteria","Gammaproteobacteria","Pseudomonadales","Moraxellaceae","Acinetobacter"
"ASV1877","Bacteria","Proteobacteria","Alphaproteobacteria","Rhodobacterales","Rhodobacteraceae",NA
"ASV1878","Bacteria","Firmicutes","Negativicutes","Veillonellales-Selenomonadales","Veillonellaceae","Negativicoccus"
"ASV1879","Bacteria","Chloroflexi","Anaerolineae","Anaerolineales","Anaerolineaceae","Anaerolinea"
"ASV1880","Bacteria","Proteobacteria","Gammaproteobacteria","Burkholderiales","Comamonadaceae","Tepidicella"
"ASV1881","Bacteria","Bdellovibrionota","Bdellovibrionia","Bdellovibrionales","Bdellovibrionaceae","Bdellovibrio"
"ASV1882","Bacteria","Proteobacteria","Alphaproteobacteria","Sphingomonadales","Sphingomonadaceae","Sphingoaurantiacus"
"ASV1883","Bacteria","Firmicutes","Bacilli","Bacillales","Sporolactobacillaceae","Sporolactobacillus"
"ASV1884","Bacteria","Bacteroidota","Bacteroidia","Bacteroidales","Prevotellaceae","Prevotella_7"
"ASV1885","Bacteria","Fusobacteriota","Fusobacteriia","Fusobacteriales","Leptotrichiaceae","Leptotrichia"
"ASV1886","Bacteria","Firmicutes","Clostridia","Peptostreptococcales-Tissierellales","Family XI","Peptoniphilus"
"ASV1887","Bacteria","Bacteroidota","Bacteroidia","Sphingobacteriales","NS11-12 marine group",NA
"ASV1888","Bacteria","Firmicutes","Clostridia","Lachnospirales","Lachnospiraceae","CHKCI001"
"ASV1889","Bacteria","Planctomycetota","Planctomycetes","Isosphaerales","Isosphaeraceae",NA
"ASV1890","Bacteria","Sumerlaeota","Sumerlaeia","Sumerlaeales","Sumerlaeaceae","Sumerlaea"
"ASV1891","Bacteria","Firmicutes","Bacilli","Bacillales","Planococcaceae","Psychrobacillus"
"ASV1892","Bacteria","Deinococcota","Deinococci","Thermales","Thermaceae","Thermus"
"ASV1893","Bacteria","Proteobacteria","Gammaproteobacteria","Pseudomonadales","Moraxellaceae","Psychrobacter"
"ASV1894","Bacteria","Firmicutes","Clostridia","Peptostreptococcales-Tissierellales","Anaerovoracaceae","[Eubacterium] nodatum group"
"ASV1895","Bacteria","Proteobacteria","Gammaproteobacteria","Pseudomonadales","Pseudomonadaceae","Pseudomonas"
"ASV1896","Bacteria","Firmicutes","Clostridia","Lachnospirales","Lachnospiraceae","Catonella"
"ASV1897","Bacteria","Firmicutes","Bacilli","Thermicanales","Thermicanaceae","Thermicanus"
"ASV1898","Bacteria","Proteobacteria","Alphaproteobacteria","Rhodobacterales","Rhodobacteraceae",NA
"ASV1899","Bacteria","Proteobacteria","Alphaproteobacteria","Sphingomonadales","Sphingomonadaceae",NA
"ASV1900","Bacteria","Firmicutes","Bacilli","Bacillales","Planococcaceae","Caryophanon"
"ASV1901","Bacteria","Proteobacteria","Gammaproteobacteria","Pseudomonadales","Moraxellaceae","Acinetobacter"
"ASV1902","Bacteria","Proteobacteria","Gammaproteobacteria","Pseudomonadales","Pseudomonadaceae","Pseudomonas"
"ASV1903","Bacteria","Proteobacteria","Gammaproteobacteria","Pseudomonadales","Pseudomonadaceae","Pseudomonas"
"ASV1904","Bacteria","Proteobacteria","Alphaproteobacteria","Rickettsiales","Mitochondria",NA
"ASV1905","Bacteria","Firmicutes","Clostridia","Peptostreptococcales-Tissierellales","Family XI","Parvimonas"
"ASV1906","Bacteria","Bacteroidota","Bacteroidia","Bacteroidales","Bacteroidaceae","Bacteroides"
"ASV1907","Bacteria","Gemmatimonadota","S0134 terrestrial group",NA,NA,NA
"ASV1908","Bacteria","Proteobacteria","Gammaproteobacteria","Ectothiorhodospirales","Thioalkalispiraceae",NA
"ASV1909","Bacteria","Actinobacteriota","Actinobacteria","Bifidobacteriales","Bifidobacteriaceae","Bifidobacterium"
"ASV1910","Bacteria","Bacteroidota","Bacteroidia","Flavobacteriales","Weeksellaceae",NA
"ASV1911","Bacteria","Proteobacteria","Alphaproteobacteria","Rhizobiales","Devosiaceae","Devosia"
"ASV1912","Bacteria","Firmicutes","Clostridia","Oscillospirales","Ruminococcaceae","Faecalibacterium"
"ASV1913","Bacteria","Bdellovibrionota","Bdellovibrionia","Bdellovibrionales","Bdellovibrionaceae","Bdellovibrio"
"ASV1914","Bacteria","Actinobacteriota","Actinobacteria","Corynebacteriales","Corynebacteriaceae","Corynebacterium"
"ASV1915","Bacteria","Firmicutes","Clostridia","Oscillospirales","Hungateiclostridiaceae","Fastidiosipila"
"ASV1916","Bacteria","Firmicutes","Bacilli","Lactobacillales","Enterococcaceae","Enterococcus"
"ASV1917","Bacteria","Bacteroidota","Rhodothermia","Balneolales","Balneolaceae",NA
"ASV1918","Bacteria","Actinobacteriota","Actinobacteria","Micrococcales","Bogoriellaceae","Georgenia"
"ASV1919","Bacteria","Firmicutes","Bacilli","Lactobacillales","Lactobacillaceae","Lactobacillus"
"ASV1920","Bacteria","Firmicutes","Bacilli","Lactobacillales","Streptococcaceae","Streptococcus"
"ASV1921","Bacteria","Actinobacteriota","Actinobacteria","Corynebacteriales","Corynebacteriaceae","Corynebacterium"
"ASV1922","Bacteria","Firmicutes","Negativicutes","Veillonellales-Selenomonadales","Veillonellaceae","Veillonella"
"ASV1923","Bacteria","Proteobacteria","Gammaproteobacteria","Pseudomonadales","Pseudomonadaceae",NA
"ASV1924","Bacteria","Actinobacteriota","Actinobacteria","Corynebacteriales","Nocardiaceae","Williamsia"
"ASV1925","Bacteria","Proteobacteria","Alphaproteobacteria","Rhizobiales","Rhizobiaceae","Mesorhizobium"
"ASV1926","Bacteria","Proteobacteria","Alphaproteobacteria","Rickettsiales","Mitochondria",NA
"ASV1927","Bacteria","Firmicutes","Bacilli","Lactobacillales","Aerococcaceae","Aerococcus"
"ASV1928","Bacteria","Actinobacteriota","Actinobacteria","Micrococcales","Micrococcaceae","Kocuria"
"ASV1929","Bacteria","Firmicutes","Bacilli","Lactobacillales","Streptococcaceae","Streptococcus"
"ASV1930","Bacteria","Proteobacteria","Gammaproteobacteria","Pseudomonadales","Moraxellaceae","Acinetobacter"
"ASV1931","Bacteria","Bacteroidota","Bacteroidia","Cytophagales","Spirosomaceae","Dyadobacter"
"ASV1932","Bacteria","Firmicutes","Bacilli","Lactobacillales","Carnobacteriaceae","Atopostipes"
"ASV1933","Bacteria","Bacteroidota","Bacteroidia","Bacteroidales","Porphyromonadaceae","Porphyromonas"
"ASV1934","Bacteria","Proteobacteria","Alphaproteobacteria","Sphingomonadales","Sphingomonadaceae","Sphingomonas"
"ASV1935","Bacteria","Proteobacteria","Gammaproteobacteria","Enterobacterales","Enterobacteriaceae",NA
"ASV1936","Bacteria","Actinobacteriota","Actinobacteria","Streptosporangiales","Nocardiopsaceae","Nocardiopsis"
"ASV1937","Bacteria","Proteobacteria","Alphaproteobacteria","Sphingomonadales","Sphingomonadaceae","Sphingomonas"
"ASV1938","Bacteria","Proteobacteria","Gammaproteobacteria","Pseudomonadales","Moraxellaceae","Acinetobacter"
"ASV1939","Bacteria","Proteobacteria","Gammaproteobacteria","Enterobacterales","Enterobacteriaceae","Enterobacter"
"ASV1940","Bacteria","Proteobacteria","Alphaproteobacteria","Rickettsiales","Mitochondria",NA
"ASV1941","Bacteria","Actinobacteriota","Actinobacteria","Micrococcales","Micrococcaceae","Rothia"
"ASV1942","Bacteria","Proteobacteria","Alphaproteobacteria","Rhizobiales","Rhizobiaceae","Pseudaminobacter"
"ASV1943","Bacteria","Proteobacteria","Alphaproteobacteria","Rickettsiales","Mitochondria",NA
"ASV1944","Bacteria","Proteobacteria","Gammaproteobacteria","Xanthomonadales","Xanthomonadaceae",NA
"ASV1945","Bacteria","Proteobacteria","Gammaproteobacteria","Burkholderiales","Burkholderiaceae","Burkholderia-Caballeronia-Paraburkholderia"
"ASV1946","Bacteria","Proteobacteria","Gammaproteobacteria","Burkholderiales","Burkholderiaceae","Burkholderia-Caballeronia-Paraburkholderia"
"ASV1947","Bacteria","Firmicutes","Bacilli","Lactobacillales",NA,NA
"ASV1948","Bacteria","Firmicutes","Bacilli","Bacillales","Bacillaceae",NA
"ASV1949","Bacteria","Proteobacteria","Gammaproteobacteria","Burkholderiales","Comamonadaceae","Tepidimonas"
"ASV1950","Bacteria","Firmicutes","Bacilli","Lactobacillales","Enterococcaceae","Enterococcus"
"ASV1951","Bacteria","Firmicutes","Clostridia","Oscillospirales","Ruminococcaceae","Subdoligranulum"
"ASV1952","Bacteria","Proteobacteria","Gammaproteobacteria","Burkholderiales","Comamonadaceae","Sphaerotilus"
"ASV1953","Bacteria","Actinobacteriota","Actinobacteria","Corynebacteriales","Corynebacteriaceae","Corynebacterium"
"ASV1954","Bacteria","Firmicutes","Bacilli","Bacillales","Planococcaceae","Paenisporosarcina"
"ASV1955","Bacteria","Actinobacteriota","Rubrobacteria","Rubrobacterales","Rubrobacteriaceae","Rubrobacter"
"ASV1956","Bacteria","Cyanobacteria","Cyanobacteriia","Chloroplast",NA,NA
"ASV1957","Bacteria","Fusobacteriota","Fusobacteriia","Fusobacteriales","Fusobacteriaceae","Fusobacterium"
"ASV1958","Bacteria","Spirochaetota","Spirochaetia","Spirochaetales","Spirochaetaceae","Treponema"
"ASV1959","Bacteria","Cyanobacteria","Cyanobacteriia","Limnotrichales","Limnotrichaceae","Limnothrix"
"ASV1960","Bacteria","Bacteroidota","Bacteroidia","Bacteroidales","Bacteroidales RF16 group",NA
"ASV1961","Bacteria","Chloroflexi","Chloroflexia","Thermomicrobiales","Thermomicrobiaceae","Thermomicrobium"
"ASV1962","Bacteria","Actinobacteriota","Actinobacteria","Frankiales","Geodermatophilaceae","Geodermatophilus"
"ASV1963","Bacteria","Proteobacteria","Alphaproteobacteria","Rhodobacterales","Rhodobacteraceae","Paracoccus"
"ASV1964","Bacteria","Firmicutes","Bacilli","Lactobacillales","Lactobacillaceae","Lactobacillus"
"ASV1965","Bacteria","Proteobacteria","Gammaproteobacteria","Burkholderiales","Comamonadaceae","Delftia"
"ASV1966","Bacteria","Firmicutes","Bacilli","Lactobacillales","Lactobacillaceae",NA
"ASV1967","Bacteria","Actinobacteriota","Actinobacteria","Bifidobacteriales","Bifidobacteriaceae","Bifidobacterium"
"ASV1968","Bacteria","Bacteroidota","Bacteroidia","Cytophagales","Microscillaceae","Chryseolinea"
"ASV1969","Bacteria","Proteobacteria","Alphaproteobacteria","Rickettsiales","Mitochondria",NA
"ASV1970","Bacteria","Chloroflexi","Chloroflexia","Kallotenuales","AKIW781",NA
"ASV1971","Bacteria","Proteobacteria","Alphaproteobacteria","Rhodobacterales","Rhodobacteraceae","Lentibacter"
"ASV1972","Bacteria","Actinobacteriota","Actinobacteria","Frankiales","Nakamurellaceae","Nakamurella"
"ASV1973","Bacteria","Proteobacteria","Alphaproteobacteria","Acetobacterales","Acetobacteraceae","Acidisoma"
"ASV1974","Bacteria","Proteobacteria","Gammaproteobacteria","Enterobacterales",NA,NA
"ASV1975","Bacteria","Proteobacteria","Alphaproteobacteria","Rickettsiales","Mitochondria",NA
"ASV1976","Bacteria","Bacteroidota","Bacteroidia","Bacteroidales","Prevotellaceae","Prevotella_7"
"ASV1977","Bacteria","Deinococcota","Deinococci","Deinococcales","Deinococcaceae","Deinococcus"
"ASV1978","Bacteria","Proteobacteria","Gammaproteobacteria","Burkholderiales","Gallionellaceae",NA
"ASV1979","Bacteria","Cyanobacteria","Cyanobacteriia","Chloroplast",NA,NA
"ASV1980","Bacteria","Bacteroidota","Bacteroidia","Cytophagales","Hymenobacteraceae","Adhaeribacter"
"ASV1981","Bacteria","Proteobacteria","Alphaproteobacteria","Rhizobiales","Rhizobiaceae","Allorhizobium-Neorhizobium-Pararhizobium-Rhizobium"
"ASV1982","Bacteria","Cyanobacteria","Cyanobacteriia","Cyanobacteriales","Chroococcidiopsaceae","Chroococcidiopsis SAG 2023"
"ASV1983","Bacteria","Proteobacteria","Alphaproteobacteria","Rhodobacterales","Rhodobacteraceae","Rubellimicrobium"
"ASV1984","Bacteria","Firmicutes","Clostridia","Lachnospirales","Lachnospiraceae","Lachnospiraceae UCG-009"
"ASV1985","Bacteria","Proteobacteria","Gammaproteobacteria","Burkholderiales","Comamonadaceae","Alicycliphilus"
"ASV1986","Bacteria","Firmicutes","Bacilli","Lactobacillales","Lactobacillaceae","Lactobacillus"
"ASV1987","Bacteria","Firmicutes","Bacilli","Lactobacillales","Lactobacillaceae","Lactobacillus"
"ASV1988","Bacteria","Bacteroidota","Bacteroidia","Bacteroidales","Prevotellaceae","Prevotella_7"
"ASV1989","Bacteria","Actinobacteriota","Actinobacteria","Kineosporiales","Kineosporiaceae","Kineococcus"
"ASV1990","Bacteria","Firmicutes","Thermoanaerobacteria","Thermoanaerobacterales","Family III","Thermoanaerobacterium"
"ASV1991","Bacteria","Firmicutes","Bacilli","Lactobacillales","Lactobacillaceae","Lactobacillus"
"ASV1992","Bacteria","Firmicutes","Clostridia","Lachnospirales","Lachnospiraceae","[Ruminococcus] torques group"
"ASV1993","Bacteria","Proteobacteria","Gammaproteobacteria","R7C24",NA,NA
"ASV1994","Bacteria","Actinobacteriota","Actinobacteria","Micrococcales","Dermatophilaceae","Mobilicoccus"
"ASV1995","Bacteria","Bacteroidota","Bacteroidia","Bacteroidales","Tannerellaceae","Tannerella"
"ASV1996","Bacteria","Acidobacteriota","Thermoanaerobaculia","Thermoanaerobaculales","Thermoanaerobaculaceae","Subgroup 10"
"ASV1997","Bacteria","Cyanobacteria","Cyanobacteriia","Synechococcales","Cyanobiaceae","Cyanobium PCC-6307"
"ASV1998","Bacteria","Proteobacteria","Gammaproteobacteria","Burkholderiales","Comamonadaceae","Xylophilus"
"ASV1999","Bacteria","Firmicutes","Bacilli","Lactobacillales","Carnobacteriaceae","Atopostipes"
"ASV2000","Bacteria","Firmicutes","Bacilli","Paenibacillales","Paenibacillaceae","Paenibacillus"
"ASV2001","Bacteria","Firmicutes","Clostridia","Peptostreptococcales-Tissierellales","Peptostreptococcaceae",NA
"ASV2002","Bacteria","Bacteroidota","Bacteroidia","Sphingobacteriales","Sphingobacteriaceae","Mucilaginibacter"
"ASV2003","Bacteria","Proteobacteria","Alphaproteobacteria","Rhodobacterales","Rhodobacteraceae","Paracoccus"
"ASV2004","Bacteria","Actinobacteriota","Actinobacteria","Micrococcales","Micrococcaceae","Rothia"
"ASV2005","Bacteria","Proteobacteria","Alphaproteobacteria","Sphingomonadales","Sphingomonadaceae","Sphingomonas"
"ASV2006","Bacteria","Bacteroidota","Bacteroidia","Bacteroidales","Prevotellaceae","Prevotella_7"
"ASV2007","Bacteria","Actinobacteriota","Actinobacteria","Actinomycetales","Actinomycetaceae","Actinomyces"
"ASV2008","Bacteria","Actinobacteriota","Coriobacteriia","Coriobacteriales","Atopobiaceae","Atopobium"
"ASV2009","Bacteria","Firmicutes","Bacilli","Lactobacillales","Streptococcaceae","Streptococcus"
"ASV2010","Bacteria","Proteobacteria","Gammaproteobacteria","Burkholderiales","Oxalobacteraceae","Massilia"
"ASV2011","Bacteria","Firmicutes","Bacilli","Bacillales","Bacillaceae","Anaerobacillus"
"ASV2012","Bacteria","Actinobacteriota","Actinobacteria","Pseudonocardiales","Pseudonocardiaceae","Prauserella"
"ASV2013","Bacteria","Actinobacteriota","Actinobacteria","Propionibacteriales","Nocardioidaceae","Nocardioides"
"ASV2014","Bacteria","Proteobacteria","Alphaproteobacteria","Defluviicoccales","Defluviicoccaceae","Defluviicoccus"
"ASV2015","Bacteria","Proteobacteria","Gammaproteobacteria","Burkholderiales","Comamonadaceae",NA
"ASV2016","Bacteria","Bacteroidota","Bacteroidia","Cytophagales","Spirosomaceae",NA
"ASV2017","Bacteria","Fusobacteriota","Fusobacteriia","Fusobacteriales","Leptotrichiaceae","Leptotrichia"
"ASV2018","Bacteria","Bacteroidota","Bacteroidia","Flavobacteriales","Weeksellaceae","Cloacibacterium"
"ASV2019","Bacteria","Proteobacteria","Alphaproteobacteria","Acetobacterales","Acetobacteraceae","Roseomonas"
"ASV2020","Bacteria","Firmicutes","Bacilli","Staphylococcales","Staphylococcaceae",NA
"ASV2021","Bacteria","Actinobacteriota","Actinobacteria","Micrococcales","Microbacteriaceae","Agromyces"
"ASV2022","Bacteria","Bacteroidota","Bacteroidia","Bacteroidales","Bacteroidales UCG-001",NA
"ASV2023","Bacteria","Firmicutes","Bacilli","Mycoplasmatales","Mycoplasmataceae","Ureaplasma"
"ASV2024","Bacteria","Actinobacteriota","Actinobacteria","Corynebacteriales","Corynebacteriaceae","Corynebacterium"
"ASV2025","Bacteria","Firmicutes","Bacilli","Lactobacillales","Aerococcaceae",NA
"ASV2026","Bacteria","Proteobacteria","Alphaproteobacteria","Rhizobiales","Beijerinckiaceae",NA
"ASV2027","Bacteria","Firmicutes","Clostridia","Oscillospirales","Oscillospiraceae","UCG-002"
"ASV2028","Bacteria","Proteobacteria","Alphaproteobacteria","Caulobacterales","Caulobacteraceae","Caulobacter"
"ASV2029","Bacteria","Bacteroidota","Bacteroidia","Bacteroidales","Muribaculaceae",NA
"ASV2030","Bacteria","Proteobacteria","Gammaproteobacteria","Burkholderiales","Rhodocyclaceae","Thauera"
"ASV2031","Bacteria","Actinobacteriota","Actinobacteria","Micrococcales","Microbacteriaceae","Frondihabitans"
"ASV2032","Bacteria","Actinobacteriota","Actinobacteria","Pseudonocardiales","Pseudonocardiaceae","Kibdelosporangium"
"ASV2033","Bacteria","Firmicutes","Negativicutes","Veillonellales-Selenomonadales","Veillonellaceae","Veillonella"
"ASV2034","Bacteria","Actinobacteriota","Actinobacteria","Corynebacteriales","Corynebacteriaceae","Corynebacterium"
"ASV2035","Bacteria","Bacteroidota","Bacteroidia","Cytophagales","Hymenobacteraceae","Hymenobacter"
"ASV2036","Bacteria","Firmicutes","Bacilli","Bacillales","Planococcaceae","Sporosarcina"
"ASV2037","Bacteria","Firmicutes","Bacilli","Lactobacillales","Lactobacillaceae","Ligilactobacillus"
"ASV2038","Bacteria","Proteobacteria","Alphaproteobacteria","Sphingomonadales","Sphingomonadaceae",NA
"ASV2039","Bacteria","Proteobacteria","Gammaproteobacteria","Enterobacterales","Pasteurellaceae","Frederiksenia"
"ASV2040","Bacteria","Firmicutes","Clostridia","Peptostreptococcales-Tissierellales","Family XI","Peptoniphilus"
"ASV2041","Bacteria","Proteobacteria","Alphaproteobacteria","Caulobacterales","Caulobacteraceae","Brevundimonas"
"ASV2042","Bacteria","Firmicutes","Clostridia","Peptococcales","Peptococcaceae","Peptococcus"
"ASV2043","Bacteria","Firmicutes","Negativicutes","Veillonellales-Selenomonadales","Veillonellaceae","Anaeroglobus"
"ASV2044","Bacteria","Bacteroidota","Kapabacteria","Kapabacteriales",NA,NA
"ASV2045","Bacteria","Firmicutes","Bacilli","Lactobacillales","Streptococcaceae","Streptococcus"
"ASV2046","Bacteria","Planctomycetota","Planctomycetes","Isosphaerales","Isosphaeraceae",NA
"ASV2047","Bacteria","Firmicutes","Clostridia","Oscillospirales","[Eubacterium] coprostanoligenes group",NA
"ASV2048","Bacteria","Proteobacteria","Alphaproteobacteria","Rhodobacterales","Rhodobacteraceae","Paracoccus"
"ASV2049","Bacteria","Firmicutes","Clostridia","Lachnospirales","Lachnospiraceae","Blautia"
"ASV2050","Bacteria","Actinobacteriota","Actinobacteria","Corynebacteriales","Corynebacteriaceae","Corynebacterium"
"ASV2051","Bacteria","Firmicutes","Bacilli","Lactobacillales","Lactobacillaceae","Lactobacillus"
"ASV2052","Bacteria","Proteobacteria","Alphaproteobacteria","Rhizobiales","Devosiaceae","Devosia"
"ASV2053","Bacteria","Firmicutes","Bacilli","Bacillales","Bacillaceae","Falsibacillus"
"ASV2054","Bacteria","Campylobacterota","Campylobacteria","Campylobacterales","Campylobacteraceae","Campylobacter"
"ASV2055","Bacteria","Bacteroidota","Bacteroidia","Bacteroidales","Tannerellaceae","Parabacteroides"
"ASV2056","Bacteria","Actinobacteriota","Actinobacteria","Corynebacteriales","Corynebacteriaceae","Corynebacterium"
"ASV2057","Bacteria","Fusobacteriota","Fusobacteriia","Fusobacteriales","Fusobacteriaceae","Fusobacterium"
"ASV2058","Bacteria","Proteobacteria","Alphaproteobacteria","Rhodobacterales","Rhodobacteraceae","Paracoccus"
"ASV2059","Bacteria","Firmicutes","Bacilli","Bacillales","Bacillaceae","Caldibacillus"
"ASV2060","Bacteria","Planctomycetota","Planctomycetes","Isosphaerales","Isosphaeraceae","Aquisphaera"
"ASV2061","Bacteria","Firmicutes","Clostridia","Lachnospirales","Lachnospiraceae","Oribacterium"
"ASV2062","Bacteria","Gemmatimonadota","Gemmatimonadetes","Gemmatimonadales","Gemmatimonadaceae",NA
"ASV2063","Bacteria","Bacteroidota","Bacteroidia","Bacteroidales","Prevotellaceae","Prevotella_7"
"ASV2064","Bacteria","Spirochaetota","Spirochaetia","Spirochaetales","Spirochaetaceae","Treponema"
"ASV2065","Bacteria","Firmicutes","Clostridia","Oscillospirales","Ruminococcaceae","Ruminococcus"
"ASV2066","Bacteria","Firmicutes","Bacilli","Lactobacillales","Carnobacteriaceae","Atopostipes"
"ASV2067","Bacteria","Verrucomicrobiota","Chlamydiae","Chlamydiales","Parachlamydiaceae",NA
"ASV2068","Bacteria","Proteobacteria","Alphaproteobacteria","Rickettsiales","Mitochondria",NA
"ASV2069","Bacteria","Proteobacteria","Gammaproteobacteria","Pseudomonadales","Cellvibrionaceae",NA
"ASV2070","Bacteria","Proteobacteria","Alphaproteobacteria","Rhizobiales","Rhizobiaceae","Corticibacterium"
"ASV2071","Bacteria","Actinobacteriota","Thermoleophilia","Solirubrobacterales","67-14",NA
"ASV2072","Bacteria","Cyanobacteria","Cyanobacteriia","Chloroplast",NA,NA
"ASV2073","Bacteria","Bacteroidota","Bacteroidia","Bacteroidales","Prevotellaceae","Alloprevotella"
"ASV2074","Bacteria","Proteobacteria","Gammaproteobacteria","Burkholderiales","Neisseriaceae","Neisseria"
"ASV2075","Bacteria","Firmicutes","Bacilli","Exiguobacterales","Exiguobacteraceae","Exiguobacterium"
"ASV2076","Bacteria","Chloroflexi","Chloroflexia","Thermomicrobiales","JG30-KF-CM45",NA
"ASV2077","Bacteria","Proteobacteria","Alphaproteobacteria","Rickettsiales","Mitochondria",NA
"ASV2078","Bacteria","Proteobacteria","Alphaproteobacteria","Rhizobiales","Rhizobiaceae","Aureimonas"
"ASV2079","Bacteria","Actinobacteriota","Acidimicrobiia","Microtrichales","Iamiaceae","Iamia"
"ASV2080","Bacteria","Firmicutes","Bacilli","Lactobacillales","Streptococcaceae","Streptococcus"
"ASV2081","Bacteria","Actinobacteriota","Actinobacteria","Corynebacteriales","Corynebacteriaceae","Corynebacterium"
"ASV2082","Bacteria","Fusobacteriota","Fusobacteriia","Fusobacteriales","Leptotrichiaceae","Leptotrichia"
"ASV2083","Bacteria","Bacteroidota","Bacteroidia","Cytophagales","Spirosomaceae","Leadbetterella"
"ASV2084","Bacteria","Firmicutes","Negativicutes","Veillonellales-Selenomonadales","Selenomonadaceae","Megamonas"
"ASV2085","Bacteria","Actinobacteriota","Actinobacteria","Bifidobacteriales","Bifidobacteriaceae","Bifidobacterium"
"ASV2086","Bacteria","Firmicutes","Syntrophomonadia","Syntrophomonadales","Syntrophomonadaceae","Syntrophomonas"
"ASV2087","Bacteria","Firmicutes","Clostridia","Clostridia UCG-014",NA,NA
"ASV2088","Bacteria","Actinobacteriota","Actinobacteria","Corynebacteriales","Corynebacteriaceae","Corynebacterium"
"ASV2089","Bacteria","Verrucomicrobiota","Verrucomicrobiae","Chthoniobacterales","Chthoniobacteraceae","Chthoniobacter"
"ASV2090","Bacteria","Proteobacteria","Alphaproteobacteria","Rhizobiales","Rhizobiaceae","Allorhizobium-Neorhizobium-Pararhizobium-Rhizobium"
"ASV2091","Bacteria","Firmicutes","Bacilli","Staphylococcales","Gemellaceae","Gemella"
"ASV2092","Bacteria","Gemmatimonadota","Gemmatimonadetes","Gemmatimonadales","Gemmatimonadaceae","Gemmatimonas"
"ASV2093","Bacteria","Firmicutes","Negativicutes","Veillonellales-Selenomonadales","Veillonellaceae","Veillonella"
"ASV2094","Bacteria","Proteobacteria","Alphaproteobacteria","Rickettsiales","Mitochondria",NA
"ASV2095","Bacteria","Bacteroidota","Bacteroidia","Chitinophagales","Chitinophagaceae","Flavisolibacter"
"ASV2096","Bacteria","Proteobacteria","Gammaproteobacteria","Pseudomonadales","Cellvibrionaceae",NA
"ASV2097","Bacteria","Proteobacteria","Gammaproteobacteria","Xanthomonadales",NA,NA
"ASV2098","Bacteria","Actinobacteriota","Actinobacteria","Micrococcales","Micrococcaceae","Nesterenkonia"
"ASV2099","Bacteria","Planctomycetota","Planctomycetes","Planctomycetales","Rubinisphaeraceae","Rubinisphaera"
"ASV2100","Bacteria","Proteobacteria","Alphaproteobacteria","Rhizobiales","Rhizobiaceae","Allorhizobium-Neorhizobium-Pararhizobium-Rhizobium"
"ASV2101","Bacteria","Firmicutes","Bacilli","Lactobacillales","Enterococcaceae","Enterococcus"
"ASV2102","Bacteria","Actinobacteriota","Actinobacteria","Micrococcales","Bogoriellaceae","Georgenia"
"ASV2103","Bacteria","Bacteroidota","Bacteroidia","Bacteroidales","Prevotellaceae","Prevotella_7"
"ASV2104","Bacteria","Proteobacteria","Gammaproteobacteria","Pseudomonadales","Moraxellaceae","Acinetobacter"
"ASV2105","Bacteria","Spirochaetota","Spirochaetia","Spirochaetales","Spirochaetaceae","Treponema"
"ASV2106","Bacteria","Firmicutes","Bacilli","Lactobacillales","Lactobacillaceae","HT002"
"ASV2107","Bacteria","Deinococcota","Deinococci","Deinococcales","Deinococcaceae","Deinococcus"
"ASV2108","Bacteria","Proteobacteria","Gammaproteobacteria","Pseudomonadales","Moraxellaceae","Psychrobacter"
"ASV2109","Bacteria","Campylobacterota","Campylobacteria","Campylobacterales","Arcobacteraceae","Arcobacter"
"ASV2110","Bacteria","Actinobacteriota","Actinobacteria","Micrococcales","Micrococcaceae","Kocuria"
"ASV2111","Bacteria","Actinobacteriota","MB-A2-108",NA,NA,NA
"ASV2112","Bacteria","Firmicutes","Bacilli","Lactobacillales","Enterococcaceae",NA
"ASV2113","Bacteria","Firmicutes","Clostridia","Oscillospirales","Ruminococcaceae","Ruminococcus"
"ASV2114","Bacteria","Firmicutes","Clostridia","Peptostreptococcales-Tissierellales","Family XI","Anaerococcus"
"ASV2115","Bacteria","Proteobacteria","Alphaproteobacteria","Rhizobiales","Beijerinckiaceae","Microvirga"
"ASV2116","Bacteria","Proteobacteria","Alphaproteobacteria","Rhodobacterales","Rhodobacteraceae","Yoonia-Loktanella"
"ASV2117","Bacteria","Firmicutes","Clostridia","Oscillospirales","Ruminococcaceae","Faecalibacterium"
"ASV2118","Bacteria","Proteobacteria","Gammaproteobacteria","Burkholderiales","Alcaligenaceae",NA
"ASV2119","Bacteria","Fusobacteriota","Fusobacteriia","Fusobacteriales","Fusobacteriaceae","Fusobacterium"
"ASV2120","Bacteria","Bacteroidota","Bacteroidia","Chitinophagales","Chitinophagaceae","Flavisolibacter"
"ASV2121","Bacteria","Actinobacteriota","Actinobacteria",NA,NA,NA
"ASV2122","Bacteria","Proteobacteria","Alphaproteobacteria","Sphingomonadales","Sphingomonadaceae","Sphingobium"
"ASV2123","Bacteria","Bacteroidota","Bacteroidia","Cytophagales","Hymenobacteraceae","Adhaeribacter"
"ASV2124","Bacteria","Bacteroidota","Bacteroidia","Flavobacteriales","Weeksellaceae",NA
"ASV2125","Bacteria","Verrucomicrobiota","Verrucomicrobiae","Pedosphaerales","Pedosphaeraceae",NA
"ASV2126","Bacteria","Actinobacteriota","Actinobacteria","Corynebacteriales","Dietziaceae","Dietzia"
"ASV2127","Bacteria","Firmicutes","Clostridia","Oscillospirales","Oscillospiraceae","UCG-005"
"ASV2128","Bacteria","Proteobacteria","Alphaproteobacteria","Sphingomonadales","Sphingomonadaceae","Sphingomonas"
"ASV2129","Bacteria","Firmicutes","Bacilli","Mycoplasmatales","Mycoplasmataceae","Mycoplasma"
"ASV2130","Bacteria","Actinobacteriota","Actinobacteria","Micrococcales","Dermacoccaceae",NA
"ASV2131","Bacteria","Firmicutes","Clostridia","Peptostreptococcales-Tissierellales","Family XI","Ezakiella"
"ASV2132","Bacteria","Proteobacteria","Alphaproteobacteria","Rhodobacterales","Rhodobacteraceae","Rhodobacter"
"ASV2133","Bacteria","Proteobacteria","Alphaproteobacteria","Rickettsiales","Mitochondria",NA
"ASV2134","Bacteria","Firmicutes","Bacilli","Lactobacillales","Carnobacteriaceae","Dolosigranulum"
"ASV2135","Bacteria","Proteobacteria","Alphaproteobacteria","Rickettsiales","Mitochondria",NA
"ASV2136","Bacteria","Bacteroidota","Bacteroidia","Bacteroidales","Prevotellaceae","Alloprevotella"
"ASV2137","Bacteria","Chloroflexi","Chloroflexia","Thermomicrobiales","JG30-KF-CM45",NA
"ASV2138","Bacteria","Bacteroidota","Bacteroidia","Bacteroidales","Bacteroidaceae","Bacteroides"
"ASV2139","Bacteria","Proteobacteria","Alphaproteobacteria","Rickettsiales","Mitochondria",NA
"ASV2140","Bacteria","Actinobacteriota","Actinobacteria","Micrococcales","Dermacoccaceae","Dermacoccus"
"ASV2141","Bacteria","Firmicutes","Bacilli","Lactobacillales","Lactobacillaceae","Leuconostoc"
"ASV2142","Bacteria","Actinobacteriota","Actinobacteria","Micrococcales","Micrococcaceae","Pseudarthrobacter"
"ASV2143","Bacteria","Actinobacteriota","Actinobacteria","Propionibacteriales","Nocardioidaceae","Marmoricola"
"ASV2144","Bacteria","Bacteroidota","Bacteroidia","Bacteroidales","Muribaculaceae",NA
"ASV2145","Bacteria","Firmicutes","Bacilli","Erysipelotrichales","Erysipelotrichaceae","Erysipelothrix"
"ASV2146","Bacteria","Verrucomicrobiota","Verrucomicrobiae","Verrucomicrobiales","Rubritaleaceae","Luteolibacter"
"ASV2147","Bacteria","Firmicutes","Bacilli","Bacillales","Bacillaceae","Geobacillus"
"ASV2148","Bacteria","Proteobacteria","Alphaproteobacteria","Sphingomonadales","Sphingomonadaceae","Sphingomonas"
"ASV2149","Bacteria","Proteobacteria","Gammaproteobacteria","Burkholderiales","Comamonadaceae",NA
"ASV2150","Bacteria","Bacteroidota","Bacteroidia","Sphingobacteriales","Sphingobacteriaceae","Sphingobacterium"
"ASV2151","Bacteria","Proteobacteria","Alphaproteobacteria","Sphingomonadales","Sphingomonadaceae","Erythrobacter"
"ASV2152","Bacteria","Firmicutes","Clostridia","Lachnospirales","Lachnospiraceae","Lachnoanaerobaculum"
"ASV2153","Bacteria","Proteobacteria","Alphaproteobacteria","Rickettsiales","Mitochondria",NA
"ASV2154","Bacteria","Bacteroidota","Bacteroidia","Chitinophagales","Chitinophagaceae","Cnuella"
"ASV2155","Bacteria","Myxococcota","Polyangia","Polyangiales","Sandaracinaceae",NA
"ASV2156","Bacteria","Firmicutes","Bacilli","Lactobacillales","Lactobacillaceae","Limosilactobacillus"
"ASV2157","Bacteria","Firmicutes","Clostridia","Peptostreptococcales-Tissierellales","Family XI","Peptoniphilus"
"ASV2158","Bacteria","Proteobacteria","Gammaproteobacteria","Enterobacterales","Enterobacteriaceae","Escherichia-Shigella"
"ASV2159","Bacteria","Proteobacteria","Alphaproteobacteria","Sphingomonadales","Sphingomonadaceae","Sphingomonas"
"ASV2160","Bacteria","Chloroflexi","Chloroflexia","Thermomicrobiales","JG30-KF-CM45",NA
"ASV2161","Bacteria","Proteobacteria","Alphaproteobacteria","Rhizobiales","Pleomorphomonadaceae","Pleomorphomonas"
"ASV2162","Bacteria","Actinobacteriota","Actinobacteria","Streptosporangiales","Streptosporangiales Incertae Sedis","Motilibacter"
"ASV2163","Bacteria","Firmicutes","Clostridia","Clostridiales","Clostridiaceae","Proteiniclasticum"
"ASV2164","Bacteria","Actinobacteriota","Actinobacteria","Corynebacteriales","Mycobacteriaceae","Mycobacterium"
"ASV2165","Bacteria","Bacteroidota","Bacteroidia","Bacteroidales","Prevotellaceae",NA
"ASV2166","Bacteria","Firmicutes","Clostridia","Lachnospirales","Lachnospiraceae","Lachnoanaerobaculum"
"ASV2167","Bacteria","Acidobacteriota","Blastocatellia","Blastocatellales","Blastocatellaceae",NA
"ASV2168","Bacteria","Firmicutes","Clostridia","Clostridiales","Clostridiaceae","Clostridium sensu stricto 10"
"ASV2169","Bacteria","Bacteroidota","Bacteroidia","Bacteroidales","Prevotellaceae","Prevotella_7"
"ASV2170","Bacteria","Actinobacteriota","Actinobacteria","Corynebacteriales","Mycobacteriaceae","Mycobacterium"
"ASV2171","Bacteria","Proteobacteria","Alphaproteobacteria","Acetobacterales","Acetobacteraceae","Roseomonas"
"ASV2172","Bacteria","Actinobacteriota","Actinobacteria","Pseudonocardiales","Pseudonocardiaceae","Pseudonocardia"
"ASV2173","Bacteria","Proteobacteria","Gammaproteobacteria","Burkholderiales","Methylophilaceae","Methylophilus"
"ASV2174","Bacteria","Firmicutes","Bacilli","Bacillales","Bacillaceae","Oceanobacillus"
"ASV2175","Bacteria","Firmicutes","Bacilli","Lactobacillales","Lactobacillaceae","Amylolactobacillus"
"ASV2176","Bacteria","Firmicutes","Bacilli","Lactobacillales","Lactobacillaceae",NA
"ASV2177","Bacteria","Bacteroidota","Bacteroidia","Flavobacteriales","Weeksellaceae","Chryseobacterium"
"ASV2178","Bacteria","Bacteroidota","Bacteroidia","Bacteroidales","Prevotellaceae","Prevotella_9"
"ASV2179","Bacteria","Proteobacteria","Gammaproteobacteria","Burkholderiales","Alcaligenaceae","Verticiella"
"ASV2180","Archaea","Euryarchaeota","Methanobacteria","Methanobacteriales","Methanobacteriaceae","Methanobacterium"
"ASV2181","Bacteria","Bacteroidota","Bacteroidia","Flavobacteriales","Weeksellaceae",NA
"ASV2182","Bacteria","Bacteroidota","Bacteroidia","Bacteroidales","Prevotellaceae","Prevotella"
"ASV2183","Bacteria","Bacteroidota","Bacteroidia","Cytophagales","Hymenobacteraceae","Hymenobacter"
"ASV2184","Bacteria","Actinobacteriota","Actinobacteria","Frankiales",NA,NA
"ASV2185","Bacteria","Bacteroidota","Bacteroidia","Bacteroidales","Rikenellaceae","Alistipes"
"ASV2186","Bacteria","Proteobacteria","Gammaproteobacteria","Burkholderiales","Comamonadaceae","Delftia"
"ASV2187","Bacteria","Proteobacteria","Gammaproteobacteria","Pseudomonadales","Moraxellaceae","Enhydrobacter"
"ASV2188","Bacteria","Proteobacteria","Alphaproteobacteria","Rhizobiales","Rhizobiaceae","Neorhizobium"
"ASV2189","Bacteria","Proteobacteria","Gammaproteobacteria","Burkholderiales","Comamonadaceae","Aquabacterium"
"ASV2190","Bacteria","Firmicutes","Clostridia","Lachnospirales","Lachnospiraceae","Shuttleworthia"
"ASV2191","Bacteria","Proteobacteria","Gammaproteobacteria","JG36-TzT-191",NA,NA
"ASV2192","Bacteria","Firmicutes","Bacilli","Lactobacillales","Aerococcaceae","Aerococcus"
"ASV2193","Bacteria","Firmicutes","Clostridia","Lachnospirales","Lachnospiraceae","Catonella"
"ASV2194","Bacteria","Firmicutes","Negativicutes","Veillonellales-Selenomonadales","Veillonellaceae","Megasphaera"
"ASV2195","Bacteria","Firmicutes","Negativicutes","Veillonellales-Selenomonadales","Sporomusaceae","Anaerospora"
"ASV2196","Bacteria","Myxococcota","Myxococcia","Myxococcales","Myxococcaceae","Cystobacter"
"ASV2197","Bacteria","Bacteroidota","Bacteroidia","Cytophagales","Spirosomaceae","Spirosoma"
"ASV2198","Bacteria","Armatimonadota","Armatimonadia","Armatimonadales",NA,NA
"ASV2199","Bacteria","Proteobacteria","Alphaproteobacteria","Sphingomonadales","Sphingomonadaceae","Novosphingobium"
"ASV2200","Bacteria","Actinobacteriota","Actinobacteria","Micrococcales","Micrococcaceae","Kocuria"
"ASV2201","Bacteria","Proteobacteria","Gammaproteobacteria","Enterobacterales","Enterobacteriaceae","Buttiauxella"
"ASV2202","Bacteria","Proteobacteria","Alphaproteobacteria","Rhizobiales","Devosiaceae","Devosia"
"ASV2203","Bacteria","Proteobacteria","Gammaproteobacteria","Pseudomonadales","Moraxellaceae","Acinetobacter"
"ASV2204","Bacteria","Actinobacteriota","Thermoleophilia","Gaiellales",NA,NA
"ASV2205","Bacteria","Bacteroidota","Bacteroidia","Chitinophagales","Saprospiraceae",NA
"ASV2206","Bacteria","Proteobacteria","Alphaproteobacteria","Rhizobiales","Beijerinckiaceae","Methylobacterium-Methylorubrum"
"ASV2207","Bacteria","Verrucomicrobiota","Verrucomicrobiae","Chthoniobacterales","Chthoniobacteraceae","Chthoniobacter"
"ASV2208","Bacteria","Actinobacteriota","Actinobacteria","Pseudonocardiales","Pseudonocardiaceae","Actinomycetospora"
"ASV2209","Bacteria","Proteobacteria","Alphaproteobacteria","Rhizobiales","Rhizobiales Incertae Sedis",NA
"ASV2210","Bacteria","Actinobacteriota","Actinobacteria","Corynebacteriales","Corynebacteriaceae","Corynebacterium"
"ASV2211","Bacteria","Proteobacteria","Alphaproteobacteria","Rickettsiales","Mitochondria",NA
"ASV2212","Bacteria","Bacteroidota","Bacteroidia","Flavobacteriales","Weeksellaceae","Chryseobacterium"
"ASV2213","Bacteria","Firmicutes","Bacilli","Erysipelotrichales","Erysipelotrichaceae","Bulleidia"
"ASV2214","Bacteria","Firmicutes","Clostridia","Peptostreptococcales-Tissierellales","Family XI","W5053"
"ASV2215","Bacteria","Firmicutes","Clostridia","Oscillospirales","Oscillospiraceae","Intestinimonas"
"ASV2216","Bacteria","Fusobacteriota","Fusobacteriia","Fusobacteriales","Fusobacteriaceae","Fusobacterium"
"ASV2217","Bacteria","Proteobacteria","Gammaproteobacteria","Burkholderiales","Rhodocyclaceae","Methyloversatilis"
"ASV2218","Bacteria","Actinobacteriota","Rubrobacteria","Rubrobacterales","Rubrobacteriaceae","Rubrobacter"
"ASV2219","Bacteria","Actinobacteriota","Actinobacteria","Corynebacteriales","Corynebacteriaceae","Corynebacterium"
"ASV2220","Bacteria","Actinobacteriota","Thermoleophilia","Solirubrobacterales","Solirubrobacteraceae","Solirubrobacter"
"ASV2221","Bacteria","Chloroflexi","Chloroflexia","Thermomicrobiales","JG30-KF-CM45",NA
"ASV2222","Bacteria","Proteobacteria","Alphaproteobacteria","Rickettsiales","Mitochondria",NA
"ASV2223","Bacteria","Bacteroidota","Bacteroidia","Bacteroidales","Prevotellaceae","Prevotella"
"ASV2224","Bacteria","Firmicutes","Clostridia","Lachnospirales","Lachnospiraceae","Lachnoanaerobaculum"
"ASV2225","Bacteria","Bacteroidota","Bacteroidia","Cytophagales","Hymenobacteraceae","Hymenobacter"
"ASV2226","Bacteria","Firmicutes","Negativicutes","Veillonellales-Selenomonadales","Veillonellaceae","Dialister"
"ASV2227","Bacteria","Firmicutes","Clostridia","Peptostreptococcales-Tissierellales","Peptostreptococcaceae","Peptostreptococcus"
"ASV2228","Bacteria","Bacteroidota","Bacteroidia","Bacteroidales","Porphyromonadaceae","Porphyromonas"
"ASV2229","Bacteria","Armatimonadota","Armatimonadia","Armatimonadales",NA,NA
"ASV2230","Bacteria","Proteobacteria","Alphaproteobacteria","Sphingomonadales","Sphingomonadaceae","Qipengyuania"
"ASV2231","Bacteria","Firmicutes","Clostridia","Clostridia UCG-014",NA,NA
"ASV2232","Bacteria","Proteobacteria","Alphaproteobacteria","Rhodobacterales","Rhodobacteraceae","Rubellimicrobium"
"ASV2233","Bacteria","Actinobacteriota","Actinobacteria","Micrococcales","Microbacteriaceae","Frigoribacterium"
"ASV2234","Bacteria","Firmicutes","Clostridia","Peptostreptococcales-Tissierellales","Anaerovoracaceae",NA
"ASV2235","Bacteria","Firmicutes","Bacilli","Bacillales","Planococcaceae","Lysinibacillus"
"ASV2236","Bacteria","Firmicutes","Bacilli","Staphylococcales","Gemellaceae","Gemella"
"ASV2237","Bacteria","Proteobacteria","Alphaproteobacteria","Caulobacterales","Caulobacteraceae","Brevundimonas"
"ASV2238","Bacteria","Proteobacteria","Alphaproteobacteria","Sphingomonadales","Sphingomonadaceae","Sphingomonas"
"ASV2239","Bacteria","Gemmatimonadota","Gemmatimonadetes","Gemmatimonadales","Gemmatimonadaceae","Roseisolibacter"
"ASV2240","Bacteria","Verrucomicrobiota","Kiritimatiellae","WCHB1-41",NA,NA
"ASV2241","Bacteria","Actinobacteriota","Actinobacteria","Micrococcales","Microbacteriaceae","Leucobacter"
"ASV2242","Bacteria","Firmicutes","Clostridia","Oscillospirales","Oscillospiraceae","Intestinimonas"
"ASV2243","Bacteria","Actinobacteriota","Acidimicrobiia",NA,NA,NA
"ASV2244","Bacteria","Proteobacteria","Gammaproteobacteria","Burkholderiales","Comamonadaceae","Delftia"
"ASV2245","Bacteria","Firmicutes","Bacilli","Bacillales","Bacillaceae",NA
"ASV2246","Bacteria","Proteobacteria","Alphaproteobacteria","Rhodobacterales","Rhodobacteraceae","Gemmobacter"
"ASV2247","Bacteria","Actinobacteriota","Thermoleophilia","Gaiellales",NA,NA
"ASV2248","Archaea","Crenarchaeota","Nitrososphaeria","Nitrososphaerales","Nitrososphaeraceae",NA
"ASV2249","Bacteria","Proteobacteria","Gammaproteobacteria","Burkholderiales","Burkholderiaceae","Limnobacter"
"ASV2250","Bacteria","Actinobacteriota","Actinobacteria","Corynebacteriales","Corynebacteriaceae","Corynebacterium"
"ASV2251","Bacteria","Firmicutes","Negativicutes","Veillonellales-Selenomonadales","Veillonellaceae","Dialister"
"ASV2252","Bacteria","Proteobacteria","Gammaproteobacteria","Burkholderiales","Comamonadaceae","Hydrogenophaga"
"ASV2253","Bacteria","Firmicutes","Clostridia","Christensenellales","Christensenellaceae","Christensenellaceae R-7 group"
"ASV2254","Bacteria","Firmicutes","Clostridia","Lachnospirales","Lachnospiraceae","Coprococcus"
"ASV2255","Bacteria","Proteobacteria","Gammaproteobacteria","Burkholderiales","Neisseriaceae","Eikenella"
"ASV2256","Bacteria","Proteobacteria","Gammaproteobacteria","Burkholderiales","Chromobacteriaceae","Paludibacterium"
"ASV2257","Bacteria","Proteobacteria","Gammaproteobacteria","Xanthomonadales","Xanthomonadaceae","Lysobacter"
"ASV2258","Bacteria","Proteobacteria","Alphaproteobacteria","Rickettsiales","Mitochondria",NA
"ASV2259","Bacteria","Proteobacteria","Gammaproteobacteria","Pseudomonadales","Alcanivoracaceae1","Alcanivorax"
"ASV2260","Bacteria","Cyanobacteria","Cyanobacteriia","Chloroplast",NA,NA
"ASV2261","Bacteria","Proteobacteria","Alphaproteobacteria","Acetobacterales","Acetobacteraceae","Craurococcus-Caldovatus"
"ASV2262","Bacteria","Proteobacteria","Alphaproteobacteria","Rickettsiales","AB1",NA
"ASV2263","Bacteria","Proteobacteria","Alphaproteobacteria","Rhizobiales","Hyphomicrobiaceae","Pedomicrobium"
"ASV2264","Bacteria","Firmicutes","Clostridia","Oscillospirales","Oscillospiraceae","UCG-005"
"ASV2265","Bacteria","Firmicutes","Bacilli","Erysipelotrichales","Erysipelotrichaceae","Dubosiella"
"ASV2266","Bacteria","Firmicutes","Clostridia","Lachnospirales","Lachnospiraceae",NA
"ASV2267","Bacteria","Firmicutes","Clostridia","Clostridiales","Clostridiaceae","Clostridium sensu stricto 12"
"ASV2268","Bacteria","Proteobacteria","Alphaproteobacteria","Azospirillales","Azospirillaceae","Skermanella"
"ASV2269","Bacteria","Proteobacteria","Gammaproteobacteria","Burkholderiales","Comamonadaceae","Acidovorax"
"ASV2270","Bacteria","Firmicutes","Bacilli","Lactobacillales","Carnobacteriaceae","Granulicatella"
"ASV2271","Bacteria","Actinobacteriota","Actinobacteria","Frankiales","Geodermatophilaceae","Klenkia"
"ASV2272","Bacteria","Proteobacteria","Gammaproteobacteria","Burkholderiales","Neisseriaceae","Eikenella"
"ASV2273","Bacteria","Planctomycetota","Phycisphaerae","Tepidisphaerales","WD2101 soil group",NA
"ASV2274","Bacteria","Chloroflexi","Chloroflexia","Thermomicrobiales","JG30-KF-CM45",NA
"ASV2275","Bacteria","Actinobacteriota","Coriobacteriia","Coriobacteriales","Atopobiaceae","Olsenella"
"ASV2276","Bacteria","Proteobacteria","Gammaproteobacteria","Xanthomonadales","Xanthomonadaceae","Vulcaniibacterium"
"ASV2277","Bacteria","Firmicutes","Clostridia","Lachnospirales","Lachnospiraceae","Oribacterium"
"ASV2278","Bacteria","Proteobacteria","Gammaproteobacteria","Burkholderiales","Comamonadaceae","Variovorax"
"ASV2279","Bacteria","Firmicutes","Clostridia","Lachnospirales","Lachnospiraceae",NA
"ASV2280","Bacteria","Bacteroidota","Bacteroidia","Bacteroidales","Bacteroidaceae","Bacteroides"
"ASV2281","Bacteria","Firmicutes","Clostridia","Lachnospirales","Lachnospiraceae","[Eubacterium] eligens group"
"ASV2282","Bacteria","Proteobacteria","Alphaproteobacteria","Rhodobacterales","Rhodobacteraceae","Rubellimicrobium"
"ASV2283","Bacteria","Firmicutes","Negativicutes","Veillonellales-Selenomonadales","Veillonellaceae","Dialister"
"ASV2284","Bacteria","Actinobacteriota","Actinobacteria","Micrococcales","Micrococcaceae","Kocuria"
"ASV2285","Bacteria","Bacteroidota","Bacteroidia","Bacteroidales","Prevotellaceae","Prevotella"
"ASV2286","Bacteria","Cyanobacteria","Cyanobacteriia","Cyanobacteriales","Chroococcidiopsaceae","Aliterella"
"ASV2287","Bacteria","Firmicutes","Bacilli","Bacillales","Bacillaceae","Bacillus"
"ASV2288","Bacteria","Campylobacterota","Campylobacteria","Campylobacterales","Arcobacteraceae","Arcobacter"
"ASV2289","Bacteria","Proteobacteria","Gammaproteobacteria","Xanthomonadales","Xanthomonadaceae","Pseudoxanthomonas"
"ASV2290","Bacteria","Proteobacteria","Alphaproteobacteria","Rhizobiales","Rhizobiaceae","Phyllobacterium"
"ASV2291","Bacteria","Firmicutes","Bacilli","Thermoactinomycetales","Thermoactinomycetaceae","Thermoactinomyces"
"ASV2292","Archaea","Crenarchaeota","Nitrososphaeria","Nitrososphaerales","Nitrososphaeraceae","Candidatus Nitrocosmicus"
"ASV2293","Bacteria","Proteobacteria","Alphaproteobacteria","Acetobacterales","Acetobacteraceae","Roseomonas"
"ASV2294","Bacteria","Actinobacteriota","Actinobacteria","Actinomycetales","Actinomycetaceae","F0332"
"ASV2295","Bacteria","Deinococcota","Deinococci","Thermales","Thermaceae","Thermus"
"ASV2296","Bacteria","Bacteroidota","Bacteroidia","Bacteroidales","Muribaculaceae",NA
"ASV2297",NA,NA,NA,NA,NA,NA
"ASV2298","Bacteria","Cyanobacteria","Cyanobacteriia","Chloroplast",NA,NA
"ASV2299","Bacteria","Actinobacteriota","Actinobacteria","Frankiales","Geodermatophilaceae","Modestobacter"
"ASV2300","Bacteria","Proteobacteria","Gammaproteobacteria","Pseudomonadales","Moraxellaceae","Moraxella"
"ASV2301","Bacteria","Bacteroidota","Bacteroidia","Bacteroidales","Tannerellaceae","Tannerella"
"ASV2302","Bacteria","Proteobacteria","Gammaproteobacteria","Burkholderiales","Comamonadaceae","Schlegelella"
"ASV2303","Bacteria","Firmicutes","Clostridia","Lachnospirales","Lachnospiraceae","Lachnospiraceae NK4A136 group"
"ASV2304","Bacteria","Bacteroidota","Bacteroidia","Sphingobacteriales","Sphingobacteriaceae","Sphingobacterium"
"ASV2305","Bacteria","Proteobacteria","Alphaproteobacteria","Acetobacterales","Acetobacteraceae",NA
"ASV2306","Bacteria","Actinobacteriota","Thermoleophilia","Solirubrobacterales","67-14",NA
"ASV2307","Bacteria","Actinobacteriota","Actinobacteria","Propionibacteriales","Nocardioidaceae","Nocardioides"
"ASV2308","Bacteria","Firmicutes","Clostridia","Clostridiales","Clostridiaceae","Proteiniclasticum"
"ASV2309","Bacteria","Firmicutes","Clostridia","Peptococcales","Peptococcaceae","Peptococcus"
"ASV2310","Bacteria","Proteobacteria","Alphaproteobacteria","Rhodobacterales","Rhodobacteraceae","Rubellimicrobium"
"ASV2311","Bacteria","Actinobacteriota","Actinobacteria","Micrococcales","Cellulomonadaceae","Cellulomonas"
"ASV2312","Bacteria","Bacteroidota","Bacteroidia","Sphingobacteriales","Sphingobacteriaceae","Pedobacter"
"ASV2313","Bacteria","Firmicutes","Clostridia","Peptostreptococcales-Tissierellales","Peptostreptococcaceae","Romboutsia"
"ASV2314","Bacteria","Actinobacteriota","Actinobacteria","Frankiales","Geodermatophilaceae","Modestobacter"
"ASV2315","Bacteria","Fusobacteriota","Fusobacteriia","Fusobacteriales","Leptotrichiaceae","Leptotrichia"
"ASV2316","Bacteria","Actinobacteriota","Actinobacteria","Micrococcales","Microbacteriaceae",NA
"ASV2317","Bacteria","Proteobacteria","Gammaproteobacteria","Xanthomonadales","Xanthomonadaceae","Silanimonas"
"ASV2318","Bacteria","Cyanobacteria","Cyanobacteriia","Leptolyngbyales","Leptolyngbyaceae","Leptolyngbya Es-Yyy1000"
"ASV2319","Bacteria","Proteobacteria","Alphaproteobacteria","Acetobacterales","Acetobacteraceae","Craurococcus-Caldovatus"
"ASV2320","Bacteria","Proteobacteria","Gammaproteobacteria","Enterobacterales","Pasteurellaceae",NA
"ASV2321","Bacteria","Firmicutes","Clostridia","Lachnospirales","Lachnospiraceae","Lachnospira"
"ASV2322","Bacteria","Proteobacteria","Gammaproteobacteria","Burkholderiales","Rhodocyclaceae","Zoogloea"
"ASV2323","Bacteria","Firmicutes","Bacilli","Lactobacillales","Lactobacillaceae","Leuconostoc"
"ASV2324","Bacteria","Proteobacteria","Gammaproteobacteria","Burkholderiales","Hydrogenophilaceae",NA
"ASV2325","Bacteria","Firmicutes","Clostridia","Clostridia UCG-014",NA,NA
"ASV2326","Bacteria","Actinobacteriota","Actinobacteria","Corynebacteriales","Corynebacteriaceae","Corynebacterium"
"ASV2327","Bacteria","Bacteroidota","Bacteroidia","Flavobacteriales","Weeksellaceae","Apibacter"
"ASV2328","Bacteria","Bacteroidota","Bacteroidia","Cytophagales","Hymenobacteraceae","Pontibacter"
"ASV2329","Bacteria","Cyanobacteria","Cyanobacteriia","Cyanobacteriales","Coleofasciculaceae","Microcoleus PCC-7113"
"ASV2330","Bacteria","Proteobacteria","Alphaproteobacteria","Rickettsiales","Mitochondria",NA
"ASV2331","Bacteria","Firmicutes","Bacilli","Paenibacillales","Paenibacillaceae","Paenibacillus"
"ASV2332","Bacteria","Actinobacteriota","Actinobacteria","Corynebacteriales","Corynebacteriaceae","Corynebacterium"
"ASV2333","Bacteria","Proteobacteria","Alphaproteobacteria","Rhizobiales","Beijerinckiaceae",NA
"ASV2334","Bacteria","Proteobacteria","Alphaproteobacteria","Reyranellales","Reyranellaceae",NA
"ASV2335","Bacteria","Firmicutes","Clostridia","Clostridia UCG-014",NA,NA
"ASV2336","Bacteria","Proteobacteria","Alphaproteobacteria","Rhizobiales","Rhizobiaceae","Ochrobactrum"
"ASV2337","Bacteria","Chloroflexi","Chloroflexia","Thermomicrobiales","Thermomicrobiaceae","Thermomicrobium"
"ASV2338","Bacteria","Firmicutes","Bacilli","Lactobacillales","Lactobacillaceae","Fructobacillus"
"ASV2339","Bacteria","Proteobacteria","Gammaproteobacteria","Burkholderiales","TRA3-20",NA
"ASV2340","Bacteria","Proteobacteria","Alphaproteobacteria","Sphingomonadales","Sphingomonadaceae","Sphingobium"
"ASV2341","Bacteria","Proteobacteria","Alphaproteobacteria","Caulobacterales","Caulobacteraceae","Brevundimonas"
"ASV2342","Bacteria",NA,NA,NA,NA,NA
"ASV2343","Bacteria","Proteobacteria","Gammaproteobacteria","Xanthomonadales","Xanthomonadaceae","Pseudoxanthomonas"
"ASV2344","Bacteria","Bacteroidota","Bacteroidia","Cytophagales","Hymenobacteraceae","Hymenobacter"
"ASV2345","Bacteria","Bacteroidota","Bacteroidia","Bacteroidales","Prevotellaceae","Prevotella"
"ASV2346","Bacteria","Actinobacteriota","Actinobacteria","Frankiales","Sporichthyaceae","hgcI clade"
"ASV2347","Bacteria","Firmicutes","Bacilli","Bacillales","Bacillaceae","Virgibacillus"
"ASV2348","Bacteria","Planctomycetota","Planctomycetes","Pirellulales","Pirellulaceae","Pir4 lineage"
"ASV2349","Bacteria","Proteobacteria","Alphaproteobacteria","Rhodospirillales","Rhodospirillaceae","Novispirillum"
"ASV2350","Bacteria","Proteobacteria","Gammaproteobacteria","Cardiobacteriales","Cardiobacteriaceae","Cardiobacterium"
"ASV2351","Bacteria","Firmicutes","Clostridia","Oscillospirales","Ruminococcaceae",NA
"ASV2352","Bacteria","Patescibacteria","Gracilibacteria","Absconditabacteriales (SR1)",NA,NA
"ASV2353","Bacteria","Bacteroidota","Bacteroidia","Bacteroidales","Porphyromonadaceae","Porphyromonas"
"ASV2354","Bacteria","Firmicutes","Clostridia","Peptostreptococcales-Tissierellales","Anaerovoracaceae","Mogibacterium"
"ASV2355","Bacteria","Bacteroidota","Bacteroidia","Flavobacteriales","Weeksellaceae","Chryseobacterium"
"ASV2356","Bacteria","Campylobacterota","Campylobacteria","Campylobacterales","Campylobacteraceae","Campylobacter"
"ASV2357","Bacteria","Proteobacteria","Gammaproteobacteria","Pseudomonadales","Moraxellaceae","Moraxella"
"ASV2358","Bacteria","Bacteroidota","Bacteroidia","Bacteroidales","Bacteroidaceae","Bacteroides"
"ASV2359","Bacteria","Actinobacteriota","Actinobacteria","Corynebacteriales","Corynebacteriaceae","Turicella"
"ASV2360","Bacteria","Actinobacteriota","Actinobacteria","Pseudonocardiales","Pseudonocardiaceae","Actinophytocola"
"ASV2361","Bacteria","Proteobacteria","Alphaproteobacteria","Rhizobiales","Devosiaceae","Devosia"
"ASV2362","Bacteria","Bacteroidota","Bacteroidia","Bacteroidales","Bacteroidaceae","Bacteroides"
"ASV2363","Bacteria","Proteobacteria","Alphaproteobacteria","Rhizobiales","Rhizobiaceae","Ciceribacter"
"ASV2364","Bacteria","Gemmatimonadota","Longimicrobia","Longimicrobiales","Longimicrobiaceae",NA
"ASV2365","Bacteria","Actinobacteriota","Actinobacteria","Corynebacteriales","Corynebacteriaceae","Corynebacterium"
"ASV2366","Bacteria","Firmicutes","Clostridia","Lachnospirales","Lachnospiraceae","Sellimonas"
"ASV2367","Bacteria","Firmicutes","Clostridia","Peptostreptococcales-Tissierellales","Family XI","Anaerococcus"
"ASV2368","Bacteria","Firmicutes","Clostridia","Lachnospirales","Lachnospiraceae","[Ruminococcus] torques group"
"ASV2369","Bacteria","Bacteroidota","Bacteroidia","Bacteroidales","Prevotellaceae","Alloprevotella"
"ASV2370","Bacteria","Bacteroidota","Bacteroidia","Bacteroidales","Prevotellaceae","Prevotella_7"
"ASV2371","Bacteria","Myxococcota","Polyangia","mle1-27",NA,NA
"ASV2372","Bacteria","Actinobacteriota","Thermoleophilia","Solirubrobacterales","67-14",NA
"ASV2373","Bacteria","Actinobacteriota","Acidimicrobiia",NA,NA,NA
"ASV2374","Bacteria","Proteobacteria","Alphaproteobacteria","Sphingomonadales","Sphingomonadaceae","Porphyrobacter"
"ASV2375","Bacteria","Firmicutes","Bacilli","Paenibacillales","Paenibacillaceae","Paenibacillus"
"ASV2376","Bacteria","Proteobacteria","Alphaproteobacteria","Sphingomonadales","Sphingomonadaceae","Erythrobacter"
"ASV2377","Bacteria","Bacteroidota","Kapabacteria","Kapabacteriales",NA,NA
"ASV2378","Bacteria","Firmicutes","Bacilli","Paenibacillales","Paenibacillaceae","Paenibacillus"
"ASV2379","Bacteria","Firmicutes","Clostridia","Lachnospirales","Lachnospiraceae","Tuzzerella"
"ASV2380","Bacteria","Bacteroidota","Bacteroidia","Bacteroidales","Prevotellaceae","Prevotella_7"
"ASV2381","Bacteria","Planctomycetota","Planctomycetes","Planctomycetales","Rubinisphaeraceae","Rubinisphaera"
"ASV2382","Bacteria","Firmicutes","Negativicutes","Veillonellales-Selenomonadales","Selenomonadaceae","Centipeda"
"ASV2383","Bacteria","Proteobacteria","Alphaproteobacteria","Sphingomonadales","Sphingomonadaceae","Sphingoaurantiacus"
"ASV2384","Bacteria","Actinobacteriota","Actinobacteria","Micrococcales","Micrococcaceae","Rothia"
"ASV2385","Bacteria","Actinobacteriota","Acidimicrobiia","Microtrichales",NA,NA
"ASV2386","Bacteria","Firmicutes","Bacilli","Lactobacillales","Lactobacillaceae","Latilactobacillus"
"ASV2387","Bacteria","Actinobacteriota","Actinobacteria","Propionibacteriales","Nocardioidaceae","Marmoricola"
"ASV2388","Bacteria","Firmicutes","Bacilli","Lactobacillales","Streptococcaceae","Lactococcus"
"ASV2389","Bacteria","Bacteroidota","Bacteroidia","Bacteroidales","Dysgonomonadaceae","Fermentimonas"
"ASV2390","Bacteria","Actinobacteriota","Actinobacteria","Bifidobacteriales","Bifidobacteriaceae","Bifidobacterium"
"ASV2391","Bacteria","Actinobacteriota","Actinobacteria","Propionibacteriales","Nocardioidaceae","Nocardioides"
"ASV2392","Bacteria","Proteobacteria","Gammaproteobacteria","Burkholderiales","Hydrogenophilaceae","Thiobacillus"
"ASV2393","Bacteria","Firmicutes","Bacilli","Lactobacillales","Lactobacillaceae","Leuconostoc"
"ASV2394","Bacteria","Spirochaetota","Spirochaetia","Spirochaetales","Spirochaetaceae","Treponema"
"ASV2395","Bacteria","Firmicutes","Bacilli","Erysipelotrichales","Erysipelatoclostridiaceae","Erysipelotrichaceae UCG-003"
"ASV2396","Bacteria","Bdellovibrionota","Bdellovibrionia","Bdellovibrionales","Bdellovibrionaceae","Bdellovibrio"
"ASV2397","Bacteria","Firmicutes","Clostridia","Lachnospirales","Lachnospiraceae","[Eubacterium] hallii group"
"ASV2398","Bacteria","Spirochaetota","Spirochaetia","Spirochaetales","Spirochaetaceae","Treponema"
"ASV2399","Bacteria","Firmicutes","Bacilli","Lactobacillales","Streptococcaceae","Streptococcus"
"ASV2400","Bacteria","Proteobacteria","Alphaproteobacteria","Rhodospirillales",NA,NA
"ASV2401","Bacteria","Firmicutes","Bacilli","Lactobacillales","Lactobacillaceae","Lactobacillus"
"ASV2402","Bacteria","Firmicutes","Bacilli","Lactobacillales","Lactobacillaceae",NA
"ASV2403","Bacteria","Elusimicrobiota","Lineage IIa",NA,NA,NA
"ASV2404","Bacteria","Gemmatimonadota","Gemmatimonadetes","Gemmatimonadales","Gemmatimonadaceae","Gemmatimonas"
"ASV2405","Bacteria","Actinobacteriota","Actinobacteria","Propionibacteriales","Propionibacteriaceae","Cutibacterium"
"ASV2406","Bacteria","Firmicutes","Clostridia","Oscillospirales","[Eubacterium] coprostanoligenes group",NA
"ASV2407","Bacteria","Deinococcota","Deinococci","Deinococcales","Deinococcaceae","Deinococcus"
"ASV2408","Bacteria","Actinobacteriota","Actinobacteria","Propionibacteriales","Nocardioidaceae","Marmoricola"
"ASV2409","Bacteria","Proteobacteria","Gammaproteobacteria","Burkholderiales","Comamonadaceae","Schlegelella"
"ASV2410","Bacteria","Proteobacteria","Gammaproteobacteria","Burkholderiales","Gallionellaceae","Sideroxydans"
"ASV2411","Bacteria","Proteobacteria",NA,NA,NA,NA
"ASV2412","Bacteria","Actinobacteriota","Actinobacteria","Micrococcales","Microbacteriaceae","Pseudoclavibacter"
"ASV2413","Bacteria","Proteobacteria","Gammaproteobacteria","Pseudomonadales","Moraxellaceae","Perlucidibaca"
"ASV2414","Bacteria","Bacteroidota","Bacteroidia","Bacteroidales","Prevotellaceae","Paraprevotella"
"ASV2415","Bacteria","Proteobacteria","Alphaproteobacteria","Sphingomonadales","Sphingomonadaceae","Sphingopyxis"
"ASV2416","Bacteria","Bacteroidota","Bacteroidia","Bacteroidales","Prevotellaceae","Prevotella"
"ASV2417","Bacteria","Firmicutes","Clostridia","Lachnospirales","Lachnospiraceae","[Eubacterium] ruminantium group"
"ASV2418","Bacteria","Actinobacteriota","Actinobacteria","Micrococcales","Micrococcaceae","Arthrobacter"
"ASV2419","Bacteria","Firmicutes","Clostridia","Oscillospirales","Oscillospiraceae","Intestinimonas"
"ASV2420","Bacteria","Firmicutes","Clostridia","Lachnospirales","Lachnospiraceae",NA
"ASV2421","Bacteria","Actinobacteriota","Actinobacteria","Propionibacteriales","Nocardioidaceae","Nocardioides"
"ASV2422","Bacteria","Actinobacteriota","Thermoleophilia","Solirubrobacterales","Solirubrobacteraceae","Conexibacter"
"ASV2423","Bacteria","Actinobacteriota","Actinobacteria","Micrococcales","Micrococcaceae","Rothia"
"ASV2424","Bacteria","Firmicutes","Clostridia","Lachnospirales","Lachnospiraceae","Lachnoanaerobaculum"
"ASV2425","Bacteria","Firmicutes","Clostridia","Eubacteriales","Eubacteriaceae","Pseudoramibacter"
"ASV2426","Bacteria","Firmicutes","Negativicutes","Veillonellales-Selenomonadales","Selenomonadaceae","Quinella"
"ASV2427","Bacteria","Firmicutes","Negativicutes","Veillonellales-Selenomonadales","Veillonellaceae","Dialister"
"ASV2428","Bacteria","Verrucomicrobiota","Verrucomicrobiae","Verrucomicrobiales","Akkermansiaceae","Akkermansia"
"ASV2429","Bacteria","Proteobacteria","Alphaproteobacteria","Acetobacterales","Acetobacteraceae","Roseomonas"
"ASV2430","Bacteria","Firmicutes","Bacilli","Staphylococcales","Staphylococcaceae","Nosocomiicoccus"
"ASV2431","Bacteria","Firmicutes","Bacilli","Bacillales","Bacillaceae","Geobacillus"
"ASV2432","Bacteria","Proteobacteria","Alphaproteobacteria","Rickettsiales","Mitochondria",NA
"ASV2433","Bacteria","Bacteroidota","Bacteroidia","Flavobacteriales","Weeksellaceae","Algoriella"
"ASV2434","Bacteria","Proteobacteria","Alphaproteobacteria","Rhodobacterales","Rhodobacteraceae","Paracoccus"
"ASV2435","Bacteria","Proteobacteria","Alphaproteobacteria","Sphingomonadales","Sphingomonadaceae","Altererythrobacter"
"ASV2436","Bacteria","Firmicutes","Clostridia","Peptostreptococcales-Tissierellales","Family XI","Peptoniphilus"
"ASV2437","Bacteria","Fusobacteriota","Fusobacteriia","Fusobacteriales","Fusobacteriaceae","Fusobacterium"
"ASV2438","Bacteria","Proteobacteria","Alphaproteobacteria","Sphingomonadales","Sphingomonadaceae","Sphingomonas"
"ASV2439","Bacteria","Firmicutes","Bacilli","Mycoplasmatales","Mycoplasmataceae","Mycoplasma"
"ASV2440","Bacteria","Actinobacteriota","Acidimicrobiia","Microtrichales","Iamiaceae","Iamia"
"ASV2441","Bacteria","Actinobacteriota","Actinobacteria","Micromonosporales","Micromonosporaceae",NA
"ASV2442","Bacteria","Chloroflexi","KD4-96",NA,NA,NA
"ASV2443","Bacteria","Proteobacteria","Alphaproteobacteria","Rickettsiales","Mitochondria",NA
"ASV2444","Bacteria","Chloroflexi","Anaerolineae","Anaerolineales","Anaerolineaceae","Longilinea"
"ASV2445","Bacteria","Proteobacteria","Alphaproteobacteria","Rhodobacterales","Rhodobacteraceae",NA
"ASV2446","Bacteria","Proteobacteria","Gammaproteobacteria","PLTA13",NA,NA
"ASV2447","Bacteria","Firmicutes","Clostridia","Lachnospirales","Lachnospiraceae","Blautia"
"ASV2448","Bacteria","Bdellovibrionota","Oligoflexia","0319-6G20",NA,NA
"ASV2449","Bacteria","Bacteroidota","Bacteroidia","Flavobacteriales","Weeksellaceae","Bergeyella"
"ASV2450","Bacteria","Proteobacteria","Alphaproteobacteria","Rhizobiales","Devosiaceae","Devosia"
"ASV2451","Archaea","Euryarchaeota","Methanobacteria","Methanobacteriales","Methanobacteriaceae","Methanobacterium"
"ASV2452","Bacteria","Proteobacteria","Gammaproteobacteria","Enterobacterales","Succinivibrionaceae","Anaerobiospirillum"
"ASV2453","Bacteria","Firmicutes","Clostridia",NA,NA,NA
"ASV2454","Bacteria","Bacteroidota","Bacteroidia","Flavobacteriales","Flavobacteriaceae","Flavobacterium"
"ASV2455","Bacteria","Proteobacteria","Alphaproteobacteria","Rhizobiales","Beijerinckiaceae","Bosea"
"ASV2456","Bacteria","Actinobacteriota","Actinobacteria","Propionibacteriales","Propionibacteriaceae","Cutibacterium"
"ASV2457","Bacteria","Bacteroidota","Bacteroidia","Bacteroidales","Prevotellaceae","Prevotella_9"
"ASV2458","Bacteria","Proteobacteria","Gammaproteobacteria","Burkholderiales","Aquaspirillaceae","Rivicola"
"ASV2459","Bacteria","Proteobacteria","Alphaproteobacteria","Caulobacterales","Caulobacteraceae","Brevundimonas"
"ASV2460","Bacteria","Firmicutes","Clostridia","Peptostreptococcales-Tissierellales","Anaerovoracaceae","Mogibacterium"
"ASV2461","Bacteria","Firmicutes","Clostridia","Oscillospirales","Ruminococcaceae","Faecalibacterium"
"ASV2462","Bacteria","Cyanobacteria","Cyanobacteriia","Cyanobacteriales","Phormidiaceae","Tychonema CCAP 1459-11B"
"ASV2463","Bacteria","Bacteroidota","Bacteroidia","Bacteroidales","Bacteroidaceae","Bacteroides"
"ASV2464","Bacteria","Proteobacteria","Gammaproteobacteria","Burkholderiales","Sutterellaceae","Parasutterella"
"ASV2465","Bacteria","Firmicutes","Negativicutes","Veillonellales-Selenomonadales","Veillonellaceae","Dialister"
"ASV2466","Bacteria","Firmicutes","Clostridia","Peptostreptococcales-Tissierellales","Anaerovoracaceae","S5-A14a"
"ASV2467","Bacteria","Firmicutes","Bacilli","Lactobacillales","Lactobacillaceae",NA
"ASV2468","Bacteria","Bacteroidota","Bacteroidia","Bacteroidales","Prevotellaceae","Prevotella_7"
"ASV2469","Bacteria","Cyanobacteria","Cyanobacteriia","Chloroplast",NA,NA
"ASV2470","Bacteria","Bacteroidota","Bacteroidia","Bacteroidales","Prevotellaceae","Prevotella_7"
"ASV2471","Bacteria","Firmicutes","Bacilli","RF39",NA,NA
"ASV2472","Bacteria","Proteobacteria","Gammaproteobacteria","Burkholderiales","Neisseriaceae","Conchiformibius"
"ASV2473","Bacteria","Firmicutes","Negativicutes","Veillonellales-Selenomonadales","Veillonellaceae","Megasphaera"
"ASV2474","Bacteria","Proteobacteria","Alphaproteobacteria","Sphingomonadales","Sphingomonadaceae","Rhizorhapis"
"ASV2475","Bacteria","Firmicutes","Bacilli","Bacillales","Planococcaceae",NA
"ASV2476","Bacteria","Firmicutes","Clostridia","Peptostreptococcales-Tissierellales","Anaerovoracaceae","Anaerovorax"
"ASV2477","Bacteria","Firmicutes","Bacilli","Thermicanales","Thermicanaceae","Thermicanus"
"ASV2478","Bacteria","Firmicutes","Bacilli","Lactobacillales","Lactobacillaceae","Weissella"
"ASV2479","Bacteria","Actinobacteriota","Actinobacteria","Corynebacteriales","Nocardiaceae","Rhodococcus"
"ASV2480","Archaea","Euryarchaeota","Methanobacteria","Methanobacteriales","Methanobacteriaceae","Methanobrevibacter"
"ASV2481","Bacteria","Gemmatimonadota","Gemmatimonadetes","Gemmatimonadales","Gemmatimonadaceae","Roseisolibacter"
"ASV2482","Bacteria",NA,NA,NA,NA,NA
"ASV2483","Bacteria","Bacteroidota","Bacteroidia","Sphingobacteriales","Sphingobacteriaceae","Sphingobacterium"
"ASV2484","Bacteria","Firmicutes","Clostridia","Peptostreptococcales-Tissierellales","Family XI","Finegoldia"
"ASV2485","Bacteria","Proteobacteria","Alphaproteobacteria","Rhizobiales","Beijerinckiaceae","Microvirga"
"ASV2486","Bacteria","Firmicutes","Clostridia","Peptostreptococcales-Tissierellales","Anaerovoracaceae","Family XIII AD3011 group"
"ASV2487","Bacteria","Chloroflexi","Anaerolineae","Anaerolineales","Anaerolineaceae",NA
"ASV2488","Bacteria","Proteobacteria","Alphaproteobacteria","Rickettsiales","Mitochondria",NA
"ASV2489","Bacteria","Proteobacteria","Gammaproteobacteria","Pseudomonadales","Alcanivoracaceae1","Alcanivorax"
"ASV2490","Bacteria","Proteobacteria","Gammaproteobacteria","Burkholderiales","Burkholderiaceae","Polynucleobacter"
"ASV2491","Bacteria","Firmicutes","Clostridia","Oscillospirales","Oscillospiraceae",NA
"ASV2492","Bacteria","Firmicutes","Clostridia","Lachnospirales","Lachnospiraceae","Tyzzerella"
"ASV2493","Bacteria","Planctomycetota","Phycisphaerae","Tepidisphaerales","WD2101 soil group",NA
"ASV2494","Bacteria","Firmicutes","Clostridia","Oscillospirales","Hungateiclostridiaceae",NA
"ASV2495","Bacteria","Desulfobacterota","Desulfovibrionia","Desulfovibrionales","Desulfovibrionaceae","Bilophila"
"ASV2496","Bacteria","Actinobacteriota","Actinobacteria","Micrococcales","Intrasporangiaceae","Janibacter"
"ASV2497","Bacteria","Proteobacteria","Alphaproteobacteria","Acetobacterales","Acetobacteraceae",NA
"ASV2498","Bacteria","Bacteroidota","Bacteroidia","Bacteroidales","Prevotellaceae","Prevotellaceae NK3B31 group"
"ASV2499","Bacteria","Firmicutes","Clostridia","Peptostreptococcales-Tissierellales","Family XI","Anaerococcus"
"ASV2500","Bacteria","Proteobacteria","Alphaproteobacteria","Rhodobacterales","Rhodobacteraceae","Rubellimicrobium"
"ASV2501","Bacteria","Gemmatimonadota","Gemmatimonadetes","Gemmatimonadales","Gemmatimonadaceae",NA
"ASV2502","Bacteria","Proteobacteria","Gammaproteobacteria","Pseudomonadales","Cellvibrionaceae","Cellvibrio"
"ASV2503","Bacteria","Bacteroidota","Bacteroidia","Bacteroidales","Prevotellaceae",NA
"ASV2504","Bacteria","Proteobacteria","Gammaproteobacteria","Burkholderiales","Hydrogenophilaceae",NA
"ASV2505","Bacteria","Campylobacterota","Campylobacteria","Campylobacterales","Campylobacteraceae","Campylobacter"
"ASV2506","Bacteria","Proteobacteria","Gammaproteobacteria","Xanthomonadales","Xanthomonadaceae","Luteimonas"
"ASV2507","Bacteria","Actinobacteriota","Coriobacteriia","Coriobacteriales","Atopobiaceae","Atopobium"
"ASV2508","Bacteria","Proteobacteria","Alphaproteobacteria","Sphingomonadales","Sphingomonadaceae","Sphingomonas"
"ASV2509","Bacteria","Chloroflexi","JG30-KF-CM66",NA,NA,NA
"ASV2510","Bacteria","Bacteroidota","Bacteroidia","Bacteroidales","Paludibacteraceae","F0058"
"ASV2511","Bacteria","Cloacimonadota","Cloacimonadia","Cloacimonadales",NA,NA
"ASV2512","Bacteria","Firmicutes","Clostridia","Peptostreptococcales-Tissierellales","Family XI","Parvimonas"
"ASV2513","Bacteria","Bacteroidota","Bacteroidia","Cytophagales","Spirosomaceae","Larkinella"
"ASV2514","Bacteria","Chloroflexi","Anaerolineae","Caldilineales","Caldilineaceae",NA
"ASV2515","Bacteria","Firmicutes","Clostridia","Peptostreptococcales-Tissierellales","Peptostreptococcaceae","[Eubacterium] yurii group"
"ASV2516","Bacteria","Bacteroidota","Bacteroidia","Bacteroidales","Paludibacteraceae","F0058"
"ASV2517","Bacteria","Proteobacteria","Gammaproteobacteria","Pseudomonadales","Cellvibrionaceae","Cellvibrio"
"ASV2518","Bacteria","Proteobacteria","Alphaproteobacteria","Tistrellales","Geminicoccaceae","Candidatus Alysiosphaera"
"ASV2519","Bacteria","Firmicutes","Clostridia","Oscillospirales","Ruminococcaceae","Incertae Sedis"
"ASV2520","Bacteria","Bdellovibrionota","Bdellovibrionia","Bacteriovoracales","Bacteriovoracaceae","Peredibacter"
"ASV2521","Bacteria","Proteobacteria","Gammaproteobacteria","Pseudomonadales","Moraxellaceae","Psychrobacter"
"ASV2522","Bacteria","Firmicutes","Clostridia","Oscillospirales","Butyricicoccaceae","Butyricicoccus"
"ASV2523","Bacteria","Acidobacteriota","Vicinamibacteria","Vicinamibacterales","Vicinamibacteraceae",NA
"ASV2524","Bacteria","Planctomycetota","Phycisphaerae","Tepidisphaerales","WD2101 soil group",NA
"ASV2525","Bacteria","Bacteroidota","Bacteroidia","Bacteroidales","Barnesiellaceae","Barnesiella"
"ASV2526","Bacteria","Firmicutes","Clostridia","Clostridia UCG-014",NA,NA
"ASV2527","Bacteria","Firmicutes","Bacilli","Paenibacillales","Paenibacillaceae","Saccharibacillus"
"ASV2528","Bacteria","Bacteroidota","Bacteroidia","Bacteroidales","Porphyromonadaceae","Falsiporphyromonas"
"ASV2529","Bacteria","Firmicutes","Clostridia","Lachnospirales","Lachnospiraceae","Blautia"
"ASV2530","Bacteria","Firmicutes","Thermoanaerobacteria","Thermoanaerobacterales","Family III","Thermoanaerobacterium"
"ASV2531","Bacteria","Proteobacteria","Gammaproteobacteria","Pseudomonadales","Alcanivoracaceae1","Alcanivorax"
"ASV2532","Bacteria","Proteobacteria","Alphaproteobacteria","Rhizobiales","Ancalomicrobiaceae","Ancalomicrobium"
"ASV2533","Bacteria","Proteobacteria","Gammaproteobacteria","Burkholderiales","Comamonadaceae",NA
